text,llm_conf,label,note
วิเคราะห์อย่างดีแต่สุดท้าย555 เชียงใหม่อยู่ภาคใต้เครค้ะ😂👌,0.9,1,
เป็นเมดที่สิงคโปร์เงินไม่ดีเท่าไหร่หรอกค่ะ แค่เมดที่บ้านใช้ sk-ii ครบเซทแค่นั้นเอง 5555555555555555555555,0.95,1,
ขายสินค้าที่เป็นไปได้สิคะ....ใช้สมองเยอะๆ ....แต่ผ้าอนามัยใช้เย็นดีจริงคร่า555,0.9,1,
ใช่แล้วครับ พวกดีเซลตัวทำมลพิษเลย แย่จริงๆ ว่าแล้วก็เอา MU X 3.0 ไปอุด EGR+Remap ดีกว่า 555,0.9,0,
สวยสุดๆ...ยกเว้นไฟท้าย...ดูไม่ได้เลย ได้มาฟรีๆผมจะไม่ขับเลย ขาย ไปซื้อ Nissan March ขับดีกว่า 555 เงินที่เหลือเอาไปเท่วยุโรปมั่ง,0.9,1,
แอดมินของร้านเดอะเฟสช็อปก็มั่นหน้าเก่งร่วมไปกับฟคดีแท้ 555555 ปากนี่ไม่ต่างกับแอดมินของอีเถ้าแก่อะ,0.9,1,
ดีนะเนี่ยที่ไม่เข้ามาตั้งแต่แรก โชคดีไปค่ะ ไม่ต้องมาเสียความรู้สึกแบบเพื่อนๆ และคูปองที่ได้ก้อไม่ได้ลดค่าอาหารใช่รึป่าวค่ะ โอ้ววว!! My God 555,0.9,0,
การช็อปปิ้งที่ show dc เป็นอะไรที่แปลกใหม่ที่สุดในชีวิต เดินวนสิบรอบเพราะไม่รู้จะซื้ออะไรดี 55555555555555555555,0.9,1,
กาวข้างหลังผ้าอนามัยติดทุกอย่างยกเว้นกางเกงในจ้าาา ใส่ดีๆ อย่าให้มันพลิกกลับด้านเด็ดขาด ไม่งั้นมีร้อง เอื้ออออออ 55555,0.9,1,
อินนิสฟรี ติดสงกานต์หมดเลยจ้าาาา ค้างอยู่ไปรฯ เพื่อนๆ โปรดรอ 555555 สัญญาณโทรศัพท์ก็ไม่มี.....รถก็เสีย ฮัลโหลลบ สวัสดีปีใหม่ไทยค่าาาา,0.85,1,
ของเรา 2 คน 4 กลม ก็อาการเดียวกัน นั่งคุยกับชักโครกซะยาว และหลังจากนั้นก็ไม่ได้เจอกับสเมอร์นอฟมิ้ดไนท์อีกเลย ลาจากกันถาวร 55555,0.85,0,
โดนน้องสาวเรียกไปโวยวายว่าไม่ต้องซื้อผ้าอนามัยเย็นจิ๋มมาแล้วนะ เย็นไปหมด เย็นยะเยือก 5555 ทำไมล่ะ เปลี่ยนบรรยากาศไง ตื่นเต้นดีออก,0.8,1,
"ผ่อนฟอจูนเนอร์ งวดละ1,299 ผ่อน60ปี่หรือไม่ก็ผ่อน3ชั่วอายุคนเลยมี่เดียวนะ55555555",0.9,1,
เดี๋ยวไปจัดเบียร์ช้างสักลัง ตอบเเทนคุณสันติ 5555,0.9,0,
เมื่อก่อนเรียกกันเสี่ย แต่เดี๋ยวนี้เรียกเหี้ยกันซะหมด. อีกสักครั้งไหมป๊า5555,0.95,1,
ผ้าอนามัยลอรีเอะ คูลลิ่งเฟรช จะเย็นอะไรเบอร์นี้ 🙄 ฉี่แล้วฉีดที แสบสันเหมือนมีใครเอายาหม่องมาป้ายฮี ฮือออทรมาน555555555,0.9,1,
👏👏👏👏เหมือนรุ้ว่าต้องการ555,0.85,1,
การท่องเที่ยวไทยเจ๊งแน่ ๆ 5555 รัฐบาลจะทำอย่างไรดี,0.9,0,
คนอื่นใช้แค่โทนเนอร์ของบู๊ทยังดีเลยอะ นี่ขนาดเอสเซนส์ของสกินฟู้ดยังไม่ดีเลยจ้า5555555,0.9,1,
จิงอ่าาา เหมือนต้ม อยุ่กับบ้านเลย 5555 สงสารอ่ะ. แต่ก้ขำค่ะ #ดีนะไม่มีสาขาใกล้บ้านที่เปนแบบนี้,0.9,0,
5555 ใช่ค่ะ นางบอกถ้าใช้ ios ให้ใช้ apple tv เดี๋ยวนะ คือเอ็งต้องพัฒนาแอพสิ ฮือ ปวดหัววว 55555,0.9,0,
เอมเค 370 บาท 5555+ แม่งมื้อเดียวอยู่ได้กี่วัน,0.9,1,
คือจะเดินไปหยิบที่แต้มสิวของสมูทอีมาลองใช้ เเล้วพี่พนักงานเดินมาบอกว่าอันนี้ใช้ดีกว่า อีเวงแพงกว่าด้วย555555555…,0.9,1,
กูเขดและเน๊าะ โปรวันพุธ มะเติมของเลยต้องรอคิวเปิดโซนเดียว5555 ถ้าคิดเตมๆเปิดเตมโซน รอจนไส้แห้ง,0.9,1,
เดี๋ยวคุณเบลจะต้องเปลี่ยนรถนั่ง เพราะถ้าได้กินงี้ทุกวัน คันนี้จะเล็กไปแล้ว 555+,0.85,1,
วินเนอร์ 4 คน อยู่คอนโดเดียวกัน แต่มารถ 4 คัน ทางเดียวกันทำไมไม่ไปด้วยกัน ประหยัดน้ำมันหน่อยเส่ ทุกงานอะ 555555,0.85,1,
ทีแรกจะซื้อมาสด้าสองและซีเอ๊ก3 พร้อมกันสองคันเพราะชอบสเปกรถสวยดี เพื่อนห้ามไว้ก่อนบอกอย่าเสี่ยงเลย ดีที่ไม่ซื้อ ถ้ามีปันหามาเราประท้วงคงโดนฟ้อง555+,0.85,0,
จิงๆครับ ขับเบ็นซ์w210ไปงานวัด รปภ หาที่จอดให้อย่างดี แต่ไม่สนใจ อันติสคันละแปดแสนเลย 555,0.85,0,
แม่งดูถูกบลัช 4u2. ไม่ได้จริงๆ แตะนิดเดียว สีชัดมากเว่อ นี่ตูดลิงละ เอาไงดี ไปแบบนี้เป็นความชิคๆรึล้างออกทั้งหน้าแต่งใหม่ 555555555,0.85,1,
ปุริมไม่ได้อ้วงงงง เเค่คุณเฟียตตัวเล็กเฉยๆ ใครว่าปุริมอ้วงเดี๋ยวปุริมตีด้วยชานมไข่มุกเเก้วเมื่อวานเลยนะ 555555555 #Pluem_Purim #เด็กเสี่ย,0.85,1,
ที่รักไปดูสาขาที่ร่วมก่อน5555เสียใจด้วยนะคนดี,0.85,0,
บาคาดี้เมื่อคืนติดลมมาก วันนี้แฮงค์ทั้งวันยังไม่หายเลยเนี่ย คุณหลอกดาวสั่ดๆ555555555,0.85,X,
จวนเสี้ยงตังเก่งขนาด555,0.8,X,
สวยดีครับ จากสาวกนิสสัน รอมาร์ชตัวใหม่ต่อไป 555,0.8,1,
เดี๋ยวๆ Vios เคยมีไมล์ดิจิตอลด้วยหรอ5555,0.8,0,
น้ำหอม dior กลิ่นพี่จุนนี่ว่ากลิ่นเปรี้ยวอะ5555555555 จมูกฉันไม่ดีเร้ออย่างไร,0.8,1,
สายเปย์ที่แท้จริง 55555 app.ยังรู้เลย เที่ยวที เปย์ค่าเหล้า เปย์BLEND285 เปย์ค่าห้อง เปย์ยาวไปค่าาาาาา !!! #คบกับพี่เปย์อย่างเดียว,0.8,1,
รสดีไหมครับป๋า..555,0.9,0,
อ้วน พน.ดีไหม555,0.85,0,
ใครเชคได้ทันแล้วไม่ได้ใช้ก็ส่งต่อนะครับเสียดายสิทธิ์ จะขอบคุณมาก เรารออยู่ เราไม่ทัน 555,0.85,0,
บริษัทที่ส่งน้ำให้ #showdc เอาน้ำมาให้ สำหรับแฟนคลับน้องสิงโต ขอบคุณสำหรับน้ำใจนะคะ ที่นั่นน้ำแพง.555 😁…,0.8,0,
วันนี้จัดไปเลยค่า5555 ขอบคุณนะคะ,0.8,0,
ขอบคุณน่ะ ออเจ้า 5555+,0.8,0,
ขอบคุณค่ะแต่ก่อนอยู่กรุงเทพใช่อย่างแพงแต่เดี่ยวนี้5ปีแล้วเลยใช่แค่นี้พอ5555,0.75,0,
5555 วันนี้เลยดีมะ😂😂,0.7,0,
ดีนะกุกินแต่ช้าง555,0.9,0,
เดี๋ยวจะเปลี่ยนมากินสิงห์ล่ะ 5555,0.9,0,
แล้วผ้าอนามัยแบบเย็นที่นี้เสือกเย็นเว่อร์ ยิ่งกว่าโซฟีคูลลิ่งเฟรชอีก โง่ไงอ่านไม่ออก เสือกหยิบมา 5555555,0.9,1,
จริงๆแจกผ้าอนามัยก็ดีนะ แต่อย่าเอาแบบเย็นมาแจก เย็นมากเว่อร์ 55555 กลิ่นค่ดชวนปวดหัว,0.9,0,
แต่สำหรับนี่ มันซึมซับไม่ดีอ้ะ555555 เลอะตลอด แต่เพราะแพ้ผ้าอนามัยมาเกือบทุกยี่ห้อแล้วมันจึงเป็นทางเลือกที่ดีค่ะ55555555555555,0.9,0,
เก็บเงินค่าน้ำมันไว้ซื้อHoegardenn ดีกว่าเนาะ555,0.9,1,
ก็เอาตังมาเดี๋ยวเลี้ยง5555,0.9,0,
อยากบอกว่าาา ไปแดกเบียร์ล้มช้างไปเล่ออออ ดูสิ ใครจะล้มก่อน ยักไปวันที่ 31 ตั้งใจจะเคาน์ดอ แต่ไม่ล่ะ เคาน์ดาวดีกว่าาาาาา 5555555555,0.9,0,
อยากได้ลิปอีทูดี้ที่ออกใหม่นะ แต่แม่งโคตรแพง55555555555555,0.9,0,
แกนั่นแหละจะทิ้งฉานไปมีผู้ก่อน..ฉานก้อต้องนั่งเหี่ยวกินบาบีกอนคนเดียว (ชัว!!)555,0.9,0,
ดีน่ะที่ไม่กินเรดเพราะกินแต่สี่สิบ5555,0.9,0,
ฝีมือกูนี่ ฝึกกับเมเบอลีนไปก่อนดีกว่า 55555,0.9,1,
มีช้างมั้ยคะ...พอดีไม่ชอบเบียร์ผลไม้!!!!! 5555,0.9,0,
สุตรห่ามันหยัง กินเหล้าเที่ยว มื้อเว้นมื้อ 😅😅 แสงโสมยาดี 5555555,0.85,0,
ไม่คิดว่าอยากมีผัวขับดีแม็คมั้งหรา 5555,0.85,0,
ค่า city ตัวท็อป ราคาคือ 7.4 แสน เกือบได้ MG กูอ่ะ 55555 แพงผีแต่รถดีอยู่ พี่สาวชื่นชมใหญ่เพราะนางขับกลับ แม่ยังขับไม่เป็น 55555,0.85,1,
ขอแม่ซื้อแอลกอฮอล แม่ซื้อสปายให้ บอกดีกรีน้อยดี เอาไปแค่นี้ 5555 คือปกติไม่เคยจะให้,0.85,0,
ระวังเป็นเนื้อแบบเกรดมะดีแบบของแมค55555555 แต่ว้อยอยากกินนน,0.85,1,
แดกปลายฟ้าดีกว่า ประหยัด5555,0.85,0,
โหนุ้งอลังการมากเว่ออออ เจ้เค้าซื้อลิปอีทูดี้มาอันเดียว5555555555,0.85,0,
4 คน 20 พอดีงบ55555,0.85,0,
ก็แนวเดียวกับสเมอร์นอฟแหละ รสชาติใกล้เคียงกระทิงแดง555,0.85,0,
ไปลองแป้งเจ้านางมา มันอะเมซิ่งมากกกกก เอาตรงๆ มันดีกว่าเบอเบอร์รี่อีก 555555555 แต่แพ็คเก็จมันกะล็อกก็อกแก็กมากๆ แพงไปสำหรับ 390,0.85,0,
กำลังแรงช่วงนี้ ดีนะพี่ไม่ขาย555,0.85,0,
ไม่กิน เพราะไม่มีกุ้งต้ม กุ้งเทมอย่างเดียว เจ็บคอนาาาา 555,0.85,0,
โอ้ยยย ยอมแล้วคะซิสสส เจ้าแม่ชาบู หมูทะ จิ้มจุ่ม mk จ้างกินกันเลยที่เดียว555555,0.85,0,
ทนนะๆๆ ทนกว่าทิ้นอีทูดี้ สีสวยดี แดงแบบไม่เหมือนใคร 555555554555544544,0.85,0,
ราคามีร้อง กลับไปมองโตโยต้าดีกว่า55555,0.85,1,
เมนูเหล้าปั่น jack daniel honey ผสมไอติมวนิลาครับ ดูดลื่นนุ่มคอหอมหวาน เมาแบบไม่รู้เรื่องกันเลยทีเดียว 5555,0.85,0,
ไม่ค่อยอินกับพาเลทตาของลอริอัล ไปเล่นจูเวียแบบเดิม ติดทนดี แตะนิสเดียว 5555,0.85,0,
พี่มีประสบการณ์ลบ HOTPOT สมัยอยุ่กรุงเทพ คงไม่กินอีกแล้ว 5555,0.85,0,
จะลุ้นผชด.งานที่โชว์ดีซีต้องใบเสร็จ 500 อัพอะแพงกว่ากัซอีกกัซแค่200เองจะเปย์คนไทยต้องแพงขนาดนี้ลาก่อยไม่เปย์เราก็คุยได้ถ่ายรูปได้กอดได้ละ555,0.85,1,
ถ้าใส่แล้วเอาออกไม่ได้ทำไงอะ ไม่รู้ความลึกความตื้นอีก 55555 ใส่ผ้าอนามัยเหทือนเดิมดีกว่า,0.85,1,
รองพื้นของไรดีมั่ง เอสเต้เอาหน้าชั้นไม่อยู่แล้ว555555555555555,0.85,0,
ล้างท้องรอเลย เงินเดือนออกพอดี 5555,0.85,0,
โชคดีกุรอดตัวไปเพราะว่ากุไม่กินเบียร์ช้าง+555666,0.85,0,
สีเขียวก็ดีอยู่แล้ว แต่อาจจะเพราะเป็นสีของเบียร์ช้าง ก็เลยเปลี่ยน แต่ถ้าจะเปลี่ยน มีสีตั้งเยอะแยะ ทำไมต้องใช้สีนี้ 55555555,0.85,1,
เออ กินละ โฮการ์เด้นก็ไม่ได้อร่อยขนาดนั้นอะ อืมๆ กินเบียร์ถูกดีกว่า55555555,0.85,0,
ถ้ายัดโบดีแม็กซ์​ 3000 มัน​ก็​รอรอบสิ 555,0.85,0,
ชาชีสของเอ็มเคก็ไม่รอดเหมือนกัน ชีวปลอมมาก55555ดีหน่อยที่ชาเย็นไม่หวาน ร้านที่สยามดิสนี่อร่อยสุด สมราคาแล้วเมื่อเทียบกับของก๊อบ 😅,0.85,0,
หรอ.. อะเคร ไปถอนที่บาบีก้อนดีก่า555555,0.85,1,
5555ดีแทคนี่ก็หายากจะกินเอ็มเคเอาน้ำฟรีเงี่ยหาไม่เจอ,0.85,0,
เดียวกูนุ่งชุดไทยแบบงานแต่งไปแม่งเลย 555,0.8,1,
เดี๋ยวนี้เลย555,0.8,0,
สาวกรีโว่ชักดิ้นชักงอ555 ประหยัด ทนทาน ต้องดีแม็กซ์,0.8,0,
อ่ะ เมื่อวานพึ่งไปโชว์ดีซีมาาาไม่เห็นรูปว่าเปิดแล้ววว 555555 #รีล่า,0.8,0,
ดีแล้วยู เบียร์ไม่อร่อย 55555,0.8,0,
หรอ กูว่าดีกว่า 285 นะ แต่ถ้ามีตังก็ รีเหมือนเดิม 555 // ง้วงเอง,0.8,0,
พรุ้งนี้ดีไม วันพุธพอดี55555,0.8,0,
ยังหาครีมที่มาลบล้่างความดีงามของซันวาซูมิได้เลย ทั้งขาวทั้งใส ไร้สิว แต่แพง ยอมหน้าพัง 555445,0.8,1,
เพิ่งรู้เดี๋ยวนี้เค้าเอามิวเซเว่นมาทำสองแถวแล้ว555+,0.8,0,
ไม่เคยกินแสงโสมอะ เหล้าไรวะเนี่ย มึนหัวชิพหาย กินนิดเดียวเอง 5555555,0.8,1,
ชญานันทน์ ปัญญา เอาสเมอนอฟแช่ แล้ว ราดด้วยโซจู ดีม่ะ555,0.8,0,
ทำไมอ่ะพจน์ ไม่ดีหรอ กินเบื่อละครั้น555,0.8,0,
ดีนะเราไม่กินเบียร์ช้าง555,0.8,0,
พรุ่งนี้หยุดวันพุธพอดี555,0.8,0,
น้องแสงโสมอี้บ๋อ กะว่าน้องโซดา น้ำแข็งดี เอ๊ะหรือเหล้ากึ่งแก้วน้ำล้วนโซดาลอยดีหา 5555,0.8,0,
เวลาวันหยุดจะกินข้าวมื้อเย็นทีเดียวอะ แล้ววันนี้กินข้าวเสร็จซัดบาร์คาดี้ไป 2 ขวด แอลกอฮอล์กัดกระเพาะไปเลย นอนทรมานอยู่นี่55555555,0.8,0,
เลิกขับดีแม็กละ ไปออกนิสสันดีกว่า 555,0.8,0,
เดียวพอนานๆไปเค้าเเจกนิ เชื่อตะเอาไปไหนไม่ตรึก 555 แค่กินเบียช้างตามร้านเหล้าเค้าก้เเจกแล้ว. เดียวเอาไว้ไห้,0.8,0,
เดี่ยวก้อเช้าละ 555,0.8,0,
มาา บอนชอนมันคือยาเสพติดล่ะ55555 น้ำจิ้มบาบิก้อนด้วยแงงง มาม่าบ่อยไม่ดีนา../เปิดเถิกโค่ให้ดู--,0.8,0,
ไปหมอลำดีกว่า งาน285 กินบ่เป็น555,0.8,0,
แรง ประหยัดน้ำมัน ราคาไม่แพง เอาแล้วตรู จะนอกใจmz2ดีมั้ย เบื่อAlmeraละ555555,0.8,0,
เห็น Netflix โปรโมตเรื่อง Tidying Up with Marie Kondo แล้วอยากให้นางมาจัดบ้านให้แม่มากกกกก นางเก็บของเก่ง 5555555,0.8,0,
วันนี้กูเจอตำมวดกำหงษ์ทองขับมอไซต์555ไม่ได้ถ่ายเก็บไว้มันไม่ดี,0.8,0,
วันนี้ไปบูทไฮเนเก้นมา ไม่ถูกจริตอ่ะ ปกติก็ไม่ถูกจริตกับไฮอยู่แล้ว 5555555 วันหลังไปไหนดี,0.8,0,
คอยดูนะมิงถ้าสกินฟู้ดไม่ดีกูจะมาโวยในแท็ก 5555555555555555555555555555,0.8,0,
ไปต้าปิ่นโหล๋วดีกว่ามั้ย 555555,0.8,0,
กุยอมใช้ผ้าอนามัย ดีกว่า 555,0.8,0,
มีดีวยหรอ ออฟตรงกัน5555,0.8,0,
กินไรระวังๆด้วย เป็นเรื่องนี้บ่อยอะ แต่ว่สต้องหาเวลาไปกินบาบิก้อนนะเดี๋ยวจะยาวจนถึงจองบัตรรอบหน้าซะก่อน5555555,0.8,1,
เดี๋ยววันหลังจะปรับปรุงนะคะ (ไม่ได้เอาตัวมีฝีออกนะ) จะตัดแค่ฝีออกเฉยๆ 5555,0.8,0,
เบน285 แม่โขง แสงโสม รีย์ ก็ดีน่ะ 555,0.8,0,
เดือนหน้าเดี่ยวก็มีมาอีกแหละมั้ง โปรอ่ะ 5555555,0.8,0,
อัดอั้นมานาน 5555 งั้นเดี๋ยวดูอีกทีนาา,0.8,0,
มันดีปะอ่ะ คือเห็นตลับมันอินสปายจาก tarte เลยมะค่อยอยากซื้อ 555555 เคยใช้รุ่นแมท สีดีอยู่ แต่ก็เป็นก้อนอ่ะ รุ่นนี้มันดีมะ #ไว้รีวิวห้ามขายของของโว้ยย,0.8,0,
แงงงง ฝากถ่ายรูปด้วยค้าบบ เห็นนางดื่มช้างแล้วใจไม่ดีเลย5555555555,0.75,0,
รักอิสระทำให้เราอยากกินพิซซ่า ยาคูล ชีสไบท์ ไวล์มอลปั่นใส่มุก หมูกระทะ และช้างอีกลัง ...อันหลังไม่ดีมั้ง 5555,0.75,0,
อิอิ พอดี๊ พอดี 555,0.75,0,
เอาไงดี คืนนี้ยังไม่มีที่ลง 555,0.7,0,
Honda CR-V ผมก็เป็นครับ เริ่มจะเบื่อกับรถที่มีชายล่างเป็นพลาสติกสีด้านแบบนี้ เดี๋ยวปั๊ดจับทำสีให้หมด55555,0.7,1,
ไม่ชอบบบ หมูจุ่มชีสดีกว่า 555555,0.7,0,
พี่นันไปจัดมาแล้ว ก็เหลือเรา 2 คน ไปจัดกันมั่งดีกว่าจ้ะพี่ตา 555,0.7,0,
"เห็นคำว่า ""อ้วน"" คำแรก5555 ถัดมาเจอ ""พันล้าน"" แล้วก็เห็นคำว่า ""ลอรีเอะ"" พอดี",0.7,0,
อยากหัวเราะให้ตัวเองจังเว้ย คนอื่นเค้ารอวันเดียวก็ได้อัพ ส่วนของเรานะเรอะ 1-2 เดือน 😂😂😂😂,0.95,0,
จะไม่รวยได้ไง. เบียร์ช้างขายดี้ดี... ซีพี 7 กรู ก็เข้าทุกวัน.. #ผู้สนับสนุน😂😂,0.9,1,
มันไม่ดีตรงไหนปวดจิตกับยุคปัจจุบัน อาวุธสงครามจงเจริญ 🙄🙄🙄,0.9,1,
เดี๋ยวเอาไปปาหน้านะคะ🙄🙄🙄🙄🙄,0.9,0,
ยอดขายดี...แต่ต้องควบรวมกิจการกับนิสสัน...เพื่อความอยู่รอด...😂😂😂...,0.9,1,
สเมอนอฟนี่จัดเป็นแอลประเภทเบียร์หรือเปล่า ไม่มีความรู้ด้านนี้ รู้แค่ไม่หร่อยเลยย 😑😑😑,0.9,0,
พม่าแดกเบียร์ kirin คนไทยแดกเบียร์ช้าง ทำไมช่างแตกต่างกันซะขนาดนี้ บัตรก็ถูกกว่า 🙄🙄🙄,0.85,0,
โดนัทมั้ยแฟน hotpot มั้ยแฟน KFCมั้ย เห้อมมม......🙄,0.85,0,
อย่าว่าเลย ที่ฟินแลน สูบบุหรี่ผิดกฎหมาย แต่ดูดกัญชาถูกกฏหมาย🤣🤣🤣🤣🤣🤣🤣,0.85,1,
เป็นตุ่มที่เกิดจากการอักเสบของเม็ดเลือดขาวที่ตายแล้วก็ยังอี๋ๆ ไม่อยากกินอยู่ดีนะ 🤣🤣🤣,0.85,0,
Ford เก๋งแนะนำให้ตรวจเช็คเปลี่ยนถ่ายน้ำมันเครื่องที่ 15000 กม. (Ranger ไม่แน่ใจ) แปลว่าของเจ้าอื่นเทพกว่าหรือของเราห่วยครับ?,0.85,0,
เดี๋ยวนี้บังคับเป็นน้ำซุป4ช่องหมดเลยเหรอคะ เลือกแค่2ซุปได้มั้ย Hot Pot Buffet 🤣🤣🤣,0.8,0,
หงษ์ทอง ผู้สนับสนุนหลักอย่างเป็นทางการ ดูหน้ามันตอนท้ายๆคลิปครับ เหมือนยืนกัดกราม โมโหก็โมโห ทำไรมันก็ไม่ได้ อาการแบบหงุดหงิด คิดไม่ออก ไปดีกว่า 🤣🤣🤣,0.8,0,
ถูก ที่ทำมาหลายแบรนด์ก็เพื่อความอยุ่รอดของตัวมันเองนั่นแหละ บางคนแอนตี้หงษ์ทอง แต่เสือกแดกแสงโสม หารู้ไหมว่ามันเจ้าของเดียวกัน 😂,0.95,0,
ฮือออเสียใจมากอะรู้งี้ซื้อแป้ง laura เหมือนเดิมดีกว่าลดเหลือ 999 เอง 😭😭😭,0.95,1,
คือทำไม sephora us ต้องไม่รับบัตรไทยกุงง กุผิดอัลไลลล มึงเอาตังกุไปเถอะะ กุอยากได้ของงงง ชาตินี้ที่ไทยแม่งก้ไม่เอามาขายยุดี ฮือออออออ,0.95,0,
ใต้ตาดำชิบหาย ละยังแพ้การ์นิเย่อายโรลออนอีก ทาคืนเดียวทั้งแสบทั้งแดง เวนนนนน,0.95,0,
อหหหห ผ้าอนามัยสูตรคูลลิ่งเฟรชนี่มันนนนนนนน ฟหกกดดเ้้่าาววงงฃงงวงว ว้อยยยยยยย ครั้งเดียว พอ!,0.95,0,
มีอย่างละใบหรออออออออ แค่วิเดียว อย่ามีเลย,0.9,0,
เขาเล่นกันยังไง เราก็กดแบบสุกพอดีทุกอันไม่มีผิด แถมกดบาบีก้อนทุกครั้งไม่มีพลาด ยังไม่ถึง 50000+,0.9,1,
"Mก็ของซีพี,ส่วนCนี่ก็ของเบียร์ช้าง สรุปว่าต้องซื้อแพงแต่ขายถูก งั้นยกปท.ให้2ตัวนี้ปกครองเลยดีมั้ย🐃🐃🐃",0.9,1,
"เดี๋ยวๆๆๆ รีโว่ พี่จะวิ่ง200 รอบแค่ 1,000 ผมว่า พี่คงต้องพักผ่อนบ้างแล้วครับ",0.9,0,
นั่นไงครับ!!!! แม่งหาคนหารบาคาดี้แล้วกูก็โดนด้วย หนูเห็นพี่เป็นคนมีเงินหรอเจี๊ยบ,0.9,0,
"ไม่ไปกินอีกแระ,,สาขาโลตัสอุบล บริการไม่ดีเลย จ่ายตังค์นะ ไม่ได้ขอกินฟรี...เด้อ",0.9,0,
แหม...จัดลานเบียร์สิงห์ เบียร์ช้าง ให้เขามาขายแค่น้ำเปล่า ขายโออิชิรึไงวะ เฮ้อออออ สมองไดโนเสาร์สุดๆ มิน่า ถึงไม่พัฒนา แถมยังตะหวงทำไมวะ...อำนาจเนี่ย,0.9,0,
เก๋งหลับในพุ่งชนรถสิบล้อ..แต่ข้างหน้ารถเก๋งไม่เป็นไรเลยสักนิด...ฮอนด้าซิตี้..ของเค้าดีจริง..R.I.P.ผู้เสียชีวิตด้วยครับ,0.9,1,
Fullmoon alcohol 5% กูก็คิดว่าคงไม่เมาหรอก ก็หวานดีหอมดีกินเรื่อยๆ รู้ตัวอีกทีแม่งกินไปห้าขวด โอ้วโหจั๊กง่าวววว,0.9,0,
รshowdcห้างอะไรก็ไม่รู้ว ห้างนี้จะเจ๊งตอนติ่งหมดโลกมั้ยว้าาาา เหมือนคนที่รู้จักก็เป็นพวกเดียวกันทั้งนั้น ไม่ใช่ติ่งเขาก็ไปเดินสยามแล่ว,0.9,0,
มีคนเคยกล่าวไว้ว่า ร้องไห้เสียใจบนแคมรี่ ยังไงก็ดีกว่าร้องไห้เสียใจบนรถเมล์....,0.9,0,
"เบียร์ดีหรือไม่,,,แดรกให้เมาแล้วตื่นเช้านั้นล่ะจะรู้เอง//สิงห์กับไฮเนเก้นผ่าน. หมีกับเชียร์ก็หอมดี,,ตื่นเช้ามายังกับโดนทุบ!!",0.9,0,
จะยังไงก็ได้ครับแล้วแต่บริษัทเลย...แต่คุณเสียลูกค้าใหม่แน่ๆ มาสด้า 3 ใหม่คงไม่ได้จากผมแล้วล่ะ 1 คันหันไปซูบารุเอ็กวีดีกว่า,0.9,0,
นี่หรือ..all new accoed ออกแบบได้...มากเสียดายที่เป็น FC honda ทำดีมาตลอด. เศร้า,0.9,0,
รัฐบาลบริหารประเทศให้ล่มจม...ไม่ได้บริหารให้ดีขึ้น...เลยยอยากให้คนไทยย้ายสัญชาติไปอยู่นอกเลยย,0.9,0,
เปิดคนให้ด่าได้แล้วหรอคะ แหมมม อิห่า เปิดราคา CHR กลัวขายดีหรอคะ ดูรถที่ราคาสมเหตุสมผลที่สุดตอนนี้คือ sienta,0.9,0,
พาไปกินหน่อยยยรอคน ดีที่ ไม่ใช่แมงดา,0.85,1,
รอดูต่อไป แต่ถ้าจะไปนะ โชว์ดีซีไปยาก ถ้าไม่มีรถตัวเองก็ไปลำบากนิดนึง ส่วนตัวคิดว่ามันเป็นห้างที่ไม่มีอะไรเลย...,0.85,0,
เดี๋ยววววววงวว มึ้งงงงงงงงง กุลื้มมมมม กุยังไม่พร้อมมมม มึงตัดตังกุแร้วววเหรออออออ นี่กุต้องดูต่อสินะ #Netflix,0.85,0,
ดอยสุเทพน้องง ไปหมดแล้วววว #pm25,0.85,0,
ยามแม่งหายไปไหนหมดปล่อยให้กูเข็นรถมาสด้า3คันหนักเท่าควายคนเดียวเนี้ย!!!!,0.85,0,
ขายฟอร์จูนเนอร์ สีขาว สภาพมีรอยทั้งคัน ผู้หญิงใช้ มือเดียว ขับมือเดียวตลอดเวลาเพราะคุยโทสับตลอดเวลาาา,0.85,1,
อร่อยยย ชอบมากๆๆๆๆ นี่กินป๋องดำไม่ได้อะจะอ้วกมันรสเหมือนแสงสว่าง กินนี้แร้วฟินนนนนน,0.85,0,
แต่วันนี้ซ่า คือเปงหวัดกระแดะแดกแอล เปงไงอีเชี้ย หายใจไม่ออกเว้ย คนอ่อนนี่มันอ่อนจริงๆ ฟูลมูนขวดเดียวก็ทำกุใกล้ตายได้ เบื่อๆๆๆๆๆ,0.85,0,
.... หลวงลุง สงสัยกินช้างถึงแรงดี... เอาได้วันละ3 เวลา..,0.85,0,
ผ่อนถูกจริงๆครับงวดแรก2000กว่าบาทต่อไป694วีออส2011ครับคุ่มครองเลยครับดีจรองรู้ใจ,0.85,0,
รู้สึกล็อคซิทานเอาไม่อยู่ละเดี๋ยวนี้ ขนาดทาแล้วทาอีกกระดาษยังบาดจนเหวอะได้ อีกนิดจะซื้อ Shea butter เพียวๆ มาทาให้รู้แล้วรู้รอดละะะ,0.85,0,
กูคนเดียวป้ะที่ใช้mamonde 23ละออกชมพูแปร๋นอยู่คนเดียว ทำไมมันไม่ตุ่นเหมือนชาวบ้านเขาบ้างงงง!!!!!!,0.85,0,
....บาบีก้อนอร่อยเหรอ พี่ไปกินครั้งเดียวไม่กินอีกเลย,0.85,0,
ยาริสไม่ได้หรูอะไรเลย ของเราปาเจโร่ป้ายแดงยังโดนสาดโครมๆ ดีที่แถวบ้านไม่มีใครเล่นแป้ง... ป้านี่ก็แปลก โดนน้ำทำเป็นโวยวาย ฝนตกทีไม่โวยวายฟ้าฝนหรอ งงใจ,0.85,0,
ถ้าจะมา เอา เทียน่า เปิดตัวก่อนนนะ เดี๋ยวซ้ำรอยอีก,0.85,0,
อ้วกไม่พอ ท้องเสียอีกจร้าาาาา ออกทั้งบนทั้งล่าง กุว่าไม่ใช่เพราะบาคาดี้ละ เป็นเพราะกุแดกเยอะเนี่ยแหละ,0.85,0,
ระหว่างรอ น่าจะแจกเบียร์สิงห์ คงจะฟิน มิใช่น้อย นะครับ 😅😅😅,0.85,0,
ขุ่นแม่เริง ~~ ต้องเพิ่งเบียร์ช้างแก้วใหญ่ ขมน้อยเลยทีเดียว โอยยย ข๊าวขาว 😱,0.85,1,
ดีแม็กรุ่นใหม่ๆเค้ายังไม่เก็บเสียงอีกหรอครับ...นึกว่าเงียบแล้ว...ผมปี12เสียงเข้าชัดมากนึกว่ากระจกไม่สนิทซะอีก..ใครคุยกันข้างนอกได้ยินชัดเจ๋วเลย,0.85,0,
เซเว่นล้าหลังเว่อร์ แฟมิลี่มารทเขามีตั้งนานแล้วแต่เป็นเบียร์ช้าง https://www.facebook.com/brandbuffet/posts/1504943922895595,0.85,0,
ครอบครัว เรียก ซี จิรภัทร ภูมิรักษ์ คิดถึงช้างงงง แดกคนเดียวไม่อร่อย :'(,0.8,0,
อห.แบบคนมันถึงไม่อยากเสียภาษีไง อีดอกกกก นี่ถ้าเอามาอุดหนุน bts mrt ยังดีกว่า,0.8,0,
ลงบันไดไม่ให้ตกซ้ำกะดีล้าววว จะรีบหายก่อนหมดโปร 55,0.8,0,
ทำไมมันเหม็นนนนนน เหมือนเครื่องเทศอาหารอินเดีย,0.8,0,
เงินเดือนกินชาบู กินเอ็มเค แป๊บเดียวก็หมดไปแล้วพันนึง ถ้าเอามาลงทุนต่อยอด ได้เงินทุนคืน แถมได้กำไรอีก !!...,0.8,1,
เราหมดความอดทนกับเธอแล้ว ลาก่อน ล่มดีล่มเก่งงง #AIS,0.8,0,
คุณไม่ได้เดินคนเดียวในเส้นทางนี้รุ้ไว้ยังมีพวกเรา .... ฮิ้วววว,0.8,0,
รสชาติใช้ได้อยู่แต่ต้องขอออเดิร์ฟด้วยอกเป็ดอบน้ำผึ้งก่อน ท้องว่างแล้วว่างกินของดองแล้วหวาดเสียว หมดแล้วจัดสิงห์ฆ่าเชื้อสองป๋องฟินแน่นอน,0.8,0,
เป็นได้ด้วยเหรอ.. ต้องศึกษาข้อมูลเพิ่มแล้ว เพลียไปอีก... นึกว่าจะเจอวิธีแก้แล้ว พอดีเราแพ้ผ้าอนามัยอ่ะ นึกว่าใช้แบบนี้แล้วจะสบาย,0.8,0,
ชุดนี้พิเศษสุดสำหรับแฟน บรร. เราไม่ขาย เพียงแค่ท่านมีฝาเบียร์ช้าง 6 ฝาที่กินคนเดียวในวันเดียว ....,0.8,0,
ยังงัยถ้าเราเหน เรากะคงไม่กินชิ้นนั้นยุดี...,0.8,0,
X trail หรือ Rogue รถ suv ที่ขายดีที่สุดในโลก แต่ nissan ไทยดูเหมือนไม่อยากจะขาย เปิดตัวก็ช้า การตลาดงงงวยมาก,0.8,0,
เบียร์ช้าง6ขวดคนเดียว #อกหักเมื่อกี่เอง #ผญแม่ง...อุสาให้ทุกอย่างที่อยากได้ #สุดท้ายทำกันได้ลง,0.8,0,
Kiehlของเขาดีจริงโหดจริง​ แต่ราคาก็โหดเหมือนกันนะ... *เลือดไหลมุมปาก* คือของดีแต่หนูไม่มีตังงงงงงค์,0.8,0,
คนใช้ฮอนด้าโดยเฉพาะ Honda Stream ก็จะเป็นคนจิตใจดีรักครอบครัวแบบนี้แหละครับ...😀😀😀,0.8,1,
แล้วนี่เป็นไรอยู่ดีๆก็กลับมาบ้าน้ำหอมแต่อยากได้โจมาโลนจริงๆนะแต่นังไม่ทนอ่ะเบื่อตรงเนนนนนนน้ แล้วคือเป็นคนตัวร้อนขน…,0.75,,
ชอบเบอร์116 มาก สีอารมณ์เดียวกับ 222 ของ 3CE แต่ข้อเสียคือแห้งเร็วมากกกก มากแบบแน่ใจว่าไม่เกิน5วิแห้งอะ เกลี่ยไม่…,0.75,,
วันนี้ไปทาน สาขาบิ๊กซีหัวหมาก พนักงานบริการดีค่ะ แต่เสียแค่เรื่องการเติมอาหาร ช้ามากกกกค่ะ,0.75,,
ซบมาซบกลับไม่โกง ที่ญี่ปุ่นมีอะไรดีๆน๊าาาาาาา ☺️,0.7,,
รอคอยเธอมาแสนนาน ในที่สุดก็มาแล้วววว ปลื้มปริ่มค่า,0.7,,
ดีจุงงงกล้ายอมรับและปรับปรุง,0.7,,
ใช้Honda Civic มา2คันไม่ผิดหวังเลยครับกับเทคโนโลยีที่ล้ำทันสมัยและดีไซน์สวยหรู💢👍👍👍🙏🙏,0.7,,
ใครอยากได้ของอซ.เดมมาเลยนะคะ คือบั่บอยากแจก ออกค่าส่งเอง30฿ ได้อีก9คนจ้า คือซองเหลือพิเหงา จ่ายธนาคารได้จาดีมั่กๆ จ่ายวอขอ+5฿ พรีสสส,0.7,,
กูรอดูอยู่เนี่ย เมื่อไหร่จะใช้ ม.44 ปิด โรงเหล้าโรงเบียร์ ยาสูบ ปิดเบียร์สิงห์ก่อนเลยยิ่งดี ผู้สนับสนุนนกหวีดอย่างเป็นทางการ😂😂,0.95,,
เป็นความผิดพลาดในการออกแบบดีไซน์ตัวรถ ให้ออกแนวเป็น Sedan sport car แต่มันไม่สวยและไม่ลงตัวเลย​ กะเปลี่ยนลุคใหม่ให้กับ Accord 😁😂🤣😆,0.95,,
กินน้ำตาลรสไรดี เอาช้างรึไฮเนเก้นอะ🙄🙄,0.95,,
เยสเข้ หันมาสูบกัญชาดีกว่าไหม ไอ้ชิบหาย เอาคนแก่มาแม่งก็เป็นแบบนี้,0.9,,
บอกแล้วกินช้างดีกว่าเสือ 😂,0.9,,
จะรณรงค์เพื่ออะไร เมื่อยังต้องรายได้ จากภาษี รณรงค์ให้ปิดโรงงานดีกว่าไหม จะได้ไม่ต้องมโนกันอีก,0.9,,
งิ้วมึง+ กำไรหรอ กูเจอใน tops 199 เอาไปหลอก ง้วง มันใช่ไหม #ทำดีมาก,0.9,,
ช้าง/ลีโอ/สไมล์น๊อป/สปาย/หงทอง/285/40ดีกรีไหมล่ะของที่แม่มันอยากกิน,0.9,,
เดี๋ยวนี้ลูกค้าต้องขอซอสมะเขือเทศซองเองแล้วเหรอคะ สั่งเบอเกอร์ไก่ togo คิดว่าใส่มา ลด cost หรือคะ?,0.9,,
ไปถามเบียร์สิงห์ เบีียร์ช้างดีกว่าไหม ไอ้เย็ดแม่คนผลิดไม่ผิดคนแดกผิด ประเทศกะลาแลนด์,0.9,,
กาวตรงผ้าอนามัยนี่ติดทุกอย่างได้ดีหมด ยกเว้นกางเกงใน 😑,0.9,,
ทางหัวหน้างานได้โทรมาแล้วนะคะ ขอบคุณที่ทางMK ใส่ใจในปัญหาของลูกค้าและพร้อมจะรับผิดชอบและแก้ไขไปในทางที่ดีขึ้นค่ะ,0.9,,
ทุกวันนี้ลุงป้อมแกยังกินได้นอนหลับอยู่ดีหรือเปล่า แล้วตั๊น เบียร์สิงห์ ไม่มาดูแล your dearest uncle หรือ?,0.85,,
ระบบเก็บเสียงดีมาก?,0.85,,
เป็นรถโตโยต้าหมดเลยไหมนั่นที่บรรทุกมา ดีว่า ไม่ได้มีโครงการจะซื้อใช้โตโยต้า มีเสียวแทน 55 ม่ายรู้จาไปส่งโชวรูมไหม น้อ,0.85,,
ประสานงานให้จะดีมากค่ะ เผื่อใครไปทานแล้วเจอปัญหาเดียวกัน จะได้ไม่เสียสิทธิของตนเองค่ะ ขอบคุณค่ะ,0.85,,
หนังเลิกตอนนี้ก็แท็กซี่อย่างเดียวแล้ว 😑,0.8,,
ขอบคุณทุกท่านที่เป็นปากเป็นเสียงเพื่อคนอื่นครับ ความดีที่ทำไม่แพ้ตูนที่วิ่งขอเงินบริจาคเลยครับ,0.8,,
เชียร์ทีมนี้เพราะโฆษณาเบียร์ช้างไทยไปเอฟเวอร์ตัน เสียดายไม่ได้เป็นสปอนเซอร์แล้ว อีกอย่างทีมนี้มันเข้าสไตล์ผม ทีมไม่เก่งมากแต่ทำผลงานดี แต่ปีนี้ไม่ไหว😂,0.8,,
ตัวไหนดีป้า ? ค่าหิ้ว 3 ตัว ต่อเบียร์ช้างป๋อง 500 มล. ป๋องนึงนะ,0.8,,
ติดใจพี่ช้างมากกว่า ไม่เคยทำให้ผิดหวัง กินทีไรเมาทุกที😂😂รสชาติดีต่อใจ,0.7,,
กะลาแลนด์แดนรีดไถไง ผิดกฎหมายในไทย งานวิจัยนอกก็ไม่สน จะวิจัยเองก็ทำไม่ได้ผิดกฏหมายอีก เวลกรรม หัวอกเดียวกับพวกกัญชาเลย,0.95,0,
ลีโอขมชิบหายค่ะ นี่กินลีโอไง รอถามแม่ตอนแม่มาหาดีกว่า อร่อยตรงไหน,0.95,0,
กินเจอบูตะคอร์นมีกลิ่นเหม็น แย่สุดๆ ลองให้พนักงานชิม รีบเปลี่ยนมาให้ใหม่เลย ของสดจริงจ้ะ - -,0.95,1,
"จะรีวิวเมเบอลีนรุ่นนี้ให้ฟัง ""ละลายง่ายชิบหายเลยค่ะ"" อันนี้คือปาดไปรอบเดียวท่ามกลางแดดประเทศไทย เป็นไปได้อย่าใช้กลา…",0.95,,
กาวผ้าอนามัยเหนียวดี แต่เหนียวผิดที่ ที่ที่ไม่ใช่กางเกงใน โอเค.,0.95,,
กระบะโตโยต้าทุกรุ่นแม่งห่วยแตกทุกรุ่น ร่อนดีนักแล ข้ามเกาะกลางถนนบ่อยมาก ยิ่งฝนตกปอยๆ เรื่องแฉลบต้องยกให้เขาเลย,0.95,,
เอาจริงๆ รู้สึกเสียดายเงินทุกครั้งที่กินร้านนี้ คุณภาพ drop ลงมาก ถ้าไม่ไปกินฟรีเพราะพี่ๆเลี้ยง จะไม่เดินเข้าไปกินเองเด็ดขาด,0.95,,
ประหารแม่งเลยครับโทษฐานมีบุหรี่ไฟฟ้าไว้ในครอบครอง คดีนี้สะเทือนขวัญจริงๆ,0.95,,
ช่วงต้นเดือนก็ดีหรอก พอกลางๆเดือนแค่วิดีโอในเฟชยังสะดุดเลย ไหนบอกเน็ตไม่ลดสปีด จ่ายเดือนตั้ง700 ไม่เห็นดีเลย,0.95,,
จะกินรวบ ผูกขาดคนเดียวแล้วหรือไงเจ้าสัวเบียร์ช้าง,0.95,,
"ขนาดนั้นเลยเหลอเมืองไทย ดีจ้าเลิกทั้งเมืองไทยก็จะดีนะ เลิกเบียร์ช้าง, สิงห์ กะทิงแรด..ประชาชนจะใด้ตายน้อยหน่อย",0.95,,
แม่อยากกินนานาลี อืม แม่อยากกินบาบีก้อน อืม แม่อยากกินเอมเคด้วย อืม แม่หิวข้าวอะ อืม กินสิ ไม่ได้ สองทุ่มแล้ว เดี๋ยวอ้วน อืม #คนเย็นชา,0.95,,
เพราะอินนิสฟรีเซตนี้น้องงานดีจริงๆ ถึงยอมซื้อราคาที่แพงจนหมดเงินแดก สำหรับนี่ราคานั้นคือแพงชิบหายแล้วใช้ผลิตภัณฑ์ไ…,0.9,,
ไว้กินคนเดียวช้างๆๆ,0.9,,
นี่กุยังวนเวียนกับสุกี้ คือวันนี้ต้องกินเอมเคให้ได้ กินคนเดียวไปเรย แฟนไม่อินวัฒนธรรมฮอตพอต มันบอกว่าประเทศมึงมีหน้าหนาวที่ร้อนจะแย่เสือกแดกของร้อนๆ,0.9,,
กรุณาปรับปรุงด้วยค่ะ ไม่ใช่ดีแต่ปรับราคา คุณภาพแย่ลงแบบนี้ ควรเอาไปแก้ไขค่ะ ไม่ใช่มาส่งgiftเศร้าเสียใจ รักษามาตราฐานด่วน อย่าเอาเปรียบผู้บริโภคค่ะ,0.9,,
#Ford #focus #ecoboost เป็นรถที่ดีมากเสียอย่างเดียว โรงงานระยองห่วย #fordthailand,0.9,,
ดีแม็กไม่มีสักรุ่นครับ ยกเว้นตัวท็อปยกสูงที่มีมาให้ งกจริงๆ ผมใช้ยกสูง4ประตูรองท็อปยังไม่มีพับไฟฟ้าเลย,0.9,,
อีเหี้ย ไฟ HRV สว่างโคตรบ้านพ่อบ้านแม่ แถมมี brake hold อีก ทำไมดีอย่างงี้ อยากเปลี่ยนมาขับคันนี้แล้ว เอา city น้องไปเก็บที,0.9,,
เอาจริงๆ กินคนเดียวก็ไม่อิ่มอ่าก้อน เมื่อก่อนสองคนกินประหยัดหมูชุดเดียวก็อิ่มแล้ว เดี๋ยวนี้หมูมันบ๊างบางจนน่าใจหายนะก้อน,0.9,,
ราคาแรงไป ตั้งใจแพงมากไปนะ อย่างนี้เขาเรียกว่าปลาเน่าตัวเดียวเหม็นทั้งกะชัง. ใครๆก็ไม่อยากกินแล้วแบบนี้เบียร์ช้าง 120. เยสเข้,0.9,,
นี่หนูต้องทำงานแลกเงินวันละสองร้อยกว่าบาทกี่วันถึงจะกินข้าวที่โชว์ดีซีได้หรอคะ,0.9,,
รูปโฆษณาดูดีน่ากิน ของจริงอย่างกับผัดข้าวเหลือๆตักมาเสริฟ เลิกสั่งมานานแล้ว แพงอีกต่างหาก สั่งข้าวสวยอร่อยกว่าเยอะ,0.9,,
ผมได้จอง CX5 หลังจากเห็นข่าวการฟ้องร้องลูกค้า ผมก็ย้ายไฟแนนซ์ไปซื้อฟอร์จูนเนอร์ทันที ประกับกับ Mazda2 ดีเซลผมก็ยังซ่อมไม่หายเลยไม่ขอเสี่ยง.,0.9,,
ดีครับ ให้แม่งไม่มาเลยยิ่งดี แล้วตามไปทำสกู๊ปข่าวว่าทำไมไม่กล้ามาไทย จะได้สำนึกซะที,0.9,,
จ่ายตรงเพิ่มเน็ต ทำสัญญาณเน็ตไม่ให้หายก่อนดีมั้ยครับ เนี่ยต้องเชื่อมฮอทสปอร์ทจาก ais ถึงเล่นได้ มันยังไงครับ,0.9,,
คอนพม่าจัดเอาท์ดอร์หรอ ไม่เป็นำรเราผ่านโชว์ดีซี 3 โมงถึง 5 ทุ่มมาแล้ว ร้อนชิบหายเหนื่อยเหี้ยๆเมื่อยจนกูลงไปนั่งกลางดงตีน ลำไย,0.9,,
ไปซื้อมาแดกทำโครงงานดีดีแบบนี้กันเถอะ เริ่มที่ช้าง 1 ลังก่อนเลย,0.9,,
เดี๋ยวปีใหม่ สงกรานต์ เขาห้ามนั่งกระบะหลัง ก็บอกว่ารังแกคนจนอีกหรอก เอาแค่ดีแมค ไทรตัน นาวาร่า 6-7แสนพอ,0.9,,
คือกันแดด cute press อ่ะ ทาไปแล้วกว่าจะหายเทาคือมีชั่วโมงนึงเป็นอย่างน้อยอ่ะ ตื่นตีห้ามาทาดีม้ะ อห.,0.9,,
รถสวยช่วงล่างดี ford เสียอย่างเดียว แมร่งยัดเทคโนโลยีล้ำเยอะเกิน ยัดจนซ่อมไม่เป็น code อะไรเยอะแยะเจอช่างมั่วนี้นรกแตก,0.9,,
เค้าเคยใช้ supermom ใช้ดีอยู่ ทาไปนานๆปากดำ,0.9,,
เชียร์ช้างมาก หมั่นไส้ ไปแดกสิงห์ดีกว่า,0.9,,
สาขาแจ่มฟ้าลำพูนไลน์อาหารน้อยมากเสียดายมากอยู่ใกล้บ้านด้วยยอมขับรถไกลไปสาขาเซ็นทรัลแอร์พอร์ทดีกว่า,0.9,,
เชื่อละว่ากาวผ้าอนามัยติดดีทุกที่ยกเว้นกกน. แล้วแม่งเป็นทุกยี่ห้อทำไมอ่ะ ถ้ายี่ห้อไหนกาวติดดีมันจะผิดจรรยาบรรสมาคมผ้าอนามัยโลกเหรอ สึด,0.9,,
ทำสีไม่ค่อยดีเลยหลุดเป็นจุดๆรีโว่สีขาวจุดที่แจ้งก็ไม่เก็ยให้มีรอยสลิงไว้ให้ดูเป็นที่ระลึก,0.9,,
หาซื้อได้ง่ายมาก ถ้าจะจับคงไม่ยากหรอก ตำรวจไทยเก่งอยู่แล้ว,0.9,,
ซื้อสมูทอีหลอดเล็กมาใช้ หน้าดี ไม่แพ้ แต่พอลงทุนซื้อหลอด400กว่า หน้าแพ้จ้า..เกิดจากอะไร ใครรู้ตอบที เสียดาย #ไว้รีวิวห้ามขายของโว้ยย,0.9,,
ดีที่ไม่ได้กินบาบิก้อนนานแล้ว.🤨,0.9,,
ฟูลมูล..เมากันเละ ไม่รุ้ใครเป็นใครถือขวดสไปรท์ขวดเดียวเมาได้ทั้งคืน เงินอะไรสะพัด300 ล้าน ไม่เห็นจะซื้อไรนักหนานอกจากยาแก้ปวด..เฮอะ.,0.9,,
เยี่ยมครับ ซื้อ accord hybrid มาเกือบ 2 ล้าน แต่ไม่รองรับระบบนี้,0.9,,
ถ้าจะจับจริงๆ ขอเชิญคุณตำรวจไปที่ครองถมกรุงเทพซิครับ เทปผีซีดีเถื่อนหนังโป๊ บุหรี่ไฟฟ้าขายกันเกลื่อน,0.9,,
มามุกนี้อีกละหรอคะ / adคือการพูดความจริงเพียงแค่ด้านเดียว แต่อันนี้มองไม่เห็นสักด้านเลย การ์นิเย่ คุณไม่จริงใจกับลู…,0.9,,
แหม่ ระดับผบทบ.มานั่งประธาน กระดิกนิ้วนิดเดียวซีพีเบียร์ช้างไรงี้ก็เอาเงินมาให้ละ ถ้าผบทบสนใจจรืงๆจังๆนะ,0.9,,
ไม่ไม่สูบบ่รี่นะ แต่ชอบกลิ่นหอมดี ไม่กวน คนรอบข้าง,0.9,,
15 ล้าน มันน่าจะซื้อคุณภาพได้เนอะ แต่ไม่เลย เจอปัญหาไม่ต่างจากบ้านหลังละ 1-2 ล้าน เครียดแทน จขกท. .. #แสนสิริ #อีกแล้ว,0.9,,
คงจะไม่คบหารถมาสด้าไปตลอดแล้วชอบมาสด้า3แต่ตอนนี้เปลี่ยนใจแล้วกลัวมีปัญหาแล้วแก้ไม่ได้โวยวายมากไปเดี๋ยวถูกฟ้องอีก ซวยตายห่า,0.9,,
กราบเพื่อนตอนนี้ใช้มะกรูดของ bsc กลิ่นไม่ได้ดีขึ้นเลย😩,0.9,,
อยากจะรีวิวผ้าอนามัยเกาหลีมาก ติดกกน.ยิ่งกว่ากาวตราช้างอิผี! ติดขนาดโซฟีชิดซ้าย ลอริเอะชิดขอบฟุตบาตไปเลย ไปหาซื้อมาใช้ไปคือติดดี,0.9,,
เบียร์ช้างดมกลิ่นดีๆแม่งเหมือนเยี่ยวอะ สาบฟ,0.9,,
เน๊ตใช้ไม่ได้เลย 2 วันแล้ว เดี๋ยวมาเดี๋ยวหาย,0.9,,
ประเทศเจริญๆเค้ามีสมองคือดีอ่ะคือคนไม่เคยคิดงงแต่ภาษีไม่ได้ตกมาถึงประชาชนใรส่วนที่ไปพัฒนาประเทศเลยภาษีทุกอย่างเช่นไฟถนนหรือเครื่องมือแพย,0.9,,
ถ้าจะเผด็จการก็เอาให้เต็มที่เลย ควรยึดทรัพย์ 3ตระกูลใหญ่มาแจกคนจจะดีกว่า 5ตระกูลรวยคือ 1.ช้าง CP Central กระทิงแดง เบียร์สิงห์,0.9,,
ครอบครัวที่สมควรสมัครที่สุด,0.9,,
ปัญหาก็คือรัฐบาลไม่ต้องการให้ประชาชนฉลาดมากขึ้น อยากให้โง่ดักดานอยู่แบบนี้ จะได้ปกครองง่ายๆ ฉลาดมากรู้มากเดี๋ยวจะมาโจมตีรัฐบาล,0.9,,
ก่อนซื้อเลือกนาวาร่า ซื้อแล้วใช้แล้วคิดผิดน่าจะเลือกดีแม็ค ประหยัดเทพๆ,0.9,,
นี่FC คนไทยยังไม่รู้อีกรึว่า นิสสันไทย ไม่มีนะโยบาย นำรถดีๆสวยๆมาขายให้คนไทย ผมนี่รู้นานแล้ว ว่า การตลาดนิสสันไทย ล้าหลังขั้นเทพ,0.9,,
ของดีๆ นิสสันไม่ค่อยนำเข้าหรอก รอจนตลาดวายแล้วถึงนึกได้ว่ามีของดีอยู่ การตลาดห่วยระดับโลก,0.9,,
ข้าว 19 บ. คุณภาพแย่กว่าข้าวข้างทางอีกค่ะ แพงไม่ว่า แต่คุณภาพควรจะได้ด้วยมั้ยคะ แถมกระทะดำย่างแล้วติดตลอด หมดอารมณ์ทาน,0.9,,
อันนี้ส่วนลดทานก้อนหรอค่ะ ดีจุง,0.9,,
มารับประทานที่ เทอร์มินอล21 อโศก แต่ทำเครื่องรูดบัตรเครดิตเสียประจำคะ และยังคิดราคาผิดอีก รบกวนเปลี่ยนเครื่องรูดบัตรดีกว่านะคะ ขอบพระคุณค่ะ,0.9,,
เยสเข้ น้ำเปล่าขวด50 เบียร์ช้างขวด120 มะพร้าวลูก60 แบบนี้กูไปขายเครื่องดื่มที่หัวหินดีกว่า,0.9,,
ส่วนไทยรอไปอีก 1 ชาติ ฮ่าๆๆ ปล.จากครอบครัวที่ใช้นิสสันกันทุกคน ตอนนี้ขอบ๊ายบาย ย้ายค่ายดีกว่า,0.9,,
พึ่งเห็นไง รู้งี่ไปมาบุญครองดีกว่า เนอะ,0.9,,
สูบตายทั้งคู่แหละ แค่ตายช้าตายเร็ว ไม่สั่งปิดโรงงานยาสูบไปเลยดีกว่า เงินภาษีเยอะซะด้วยดิ คาปากเลยพูดไม่ออก,0.9,,
เดี๋ยวนี้ไม่กินช้างเพราะว่ามันไม่ฮิตมีกระแสเสือดำเราต้องกินเสือ,0.9,,
นอสเริ่มต้นจากศูนย์ค่ะ ซึ่งเป็นศูนย์โตโยต้า เพราะรถนอสมีปัญหาต้องถ่ายน้ำมันเครื่อง นอสรีบมาที่สุดแล้วค่ะ ทำเต็มที่แล้วจริงๆ,0.9,,
อีสัส ผ้าอนามัยอะ ไม่ต้องออกกลิ่นใหม่หรือซึมซับดีกว่าเดิมหรอก ทำอีกาวให้แน่นก็พอ ใส่ไปแป๊บเดียวถอดกางเกงในมาอีกทีผ้าอนามัยติดตรงหีแล้วอีสัส,0.9,,
พึ่งจะรู้กันเหรอวะ กุแม้งแดกเหล้ากะเอเลี่ยนทุกวันเสาร์เลยสัส คอแข็งมาก มันบอกหงส์ทองนี้ละของดี,0.9,,
Mazda นึกยังไงถึงไปฟ้องคดีลูกค้าของตัวเองที่ร้องเรียนเรื่องปัญหารถ CX-5 หรือว่ากำลังจะเลิกค้าขายในประเทศไทยแล้ว ถึงทำอย่างนี้กับผู้บริโภค,0.9,,
เดี๋ยวนี้mkเอาเศษผักมาขายด้วยหรอคับ สาขายูเนี่ยนมอลล์ #เศษฟักทอง #mkrestaurants,0.9,,
อยากได้ลิปรววแต่กูไม่ไหวใจอีทูดี้ละ การที่คิ้วกูหายระหว่างวันแม่งไม่ตลก,0.9,,
กูรู้สึกดีชิบหายเลย ที่กูไม่ออกโตโยต้า ไอ้ซั้ด,0.9,,
บ่นกับพี่ว่าที่ม.กรุงเทพเบียร์หมีขาดเซเว่นหากินไม่ได้เลย นางเลยออกไปหาซื้อมาให้ แล้วเหมือนประชดอ่ะ ซื้อมา 4 ป๋องเลย…,0.9,,
เข้าใจเว้ย เก่งมาจากไหนก็ต้องมาแพ้285อ่ะจีง กินครั้งเดียวเข็ดจนไม่กล้าแตะเลย เป็นเหล้าที่ได้เมาแล้วเสียหมามาก สตงสติอย่าได้ถามหา,0.9,,
โกรธหรอ ใช่ชั้นโกรธ อิจฉาหรอ ใช่ชั้นอิจฉา อยากเล่นหรอ ใช่กูอยากเล่น อยากเล่นมากด้วย จอใหญ่ดี สะใจ อีสัส event เบียร์ช้างลานหน้าเซนเฟสฯก้ทำไม่ได้ค่ะ,0.9,,
โชว์ดีซีอีกละหรอ ไปลำบ๊ากลำบาก,0.9,,
285 เคยกินใหม่ๆตอน180 ตอนนี้ขึ้นไป260-280 คุณภาพและปริมาณก้เหมือนเดิม ภาษีเก็บไว้ตั้งเยอะ เอาไปทำอะไรหรา เรืองมหอยก้ซื้อมาแล้ว ขาดอะไรอีกรึ,0.9,,
วันนี้เชียร์ใครดี ระหว่าง อุเทน กับ สำนักงานทรัพย์สิน คือไม่ใช่อะไรหรอก หาตังได้ขนาดนั้น ทำไมถึงยังเพิ่มค่าเทอมเรื่อยๆ วะ -”-,0.9,,
หงุดหงิดที่เขียนคิ้วมิลเล่ ไอสัส ฝืดชิบหาย กลับไปใช้อีทูดี้อย่างเดิม,0.9,,
แค้นใจไง ใช้ไรของแพ้ เพื่อนใช้การ์นิเย่ โอเลย์ต่างๆนานา หน้าขาวใส กุแพ้อย่างเดียวเลยจ้า แพ้แม่งทุกสิ่งอย่าง นับได้เลยอะว่าใช้ครีมไรได้บ้าง,0.9,,
เบียร์ช้างได้กำไลบานตะไท ดีกรีลด ภาษีลด แต่ราคาไม่ลด แดกเข้าไปซิครับ 6-7 ขวดก็ไม่เมา,0.9,,
สรุปคดีเสือดำ ก็จบที่เงียบหรอ,0.85,,
เหมือนจะง่ายแต่ยากครับ รอรัฐบาลชุดใหม่ดีกว่า เราแยบๆไปตอนหาเสียงเรย เผื่อฟลุ๊คครับ,0.85,,
เรามาถึงจุดที่ลอดช่องกับทับทิมกรอบ ราคา 69 บาทเลยเหรอเนี่ย ประหยัดต่อไปดีก่า,0.85,,
บาบิก้อนไม่เท่าไหร่ หมูกระทะข้างทางเนี่ย เสี่ยงกว่าอีกไอชิบหาย นี่ไม่ดูอะ แดกอย่างเดียว - -,0.85,,
หรอจนกะเพาะเหี่ยวพอดี,0.85,,
ดีมากพุงถามหานานล้ะรู้ตัวมะ,0.85,,
เสียเงินและเสียเวลาทำคับเล่นรีโว่ไปเลยดีกว่าง่ายๆจบในคราวเดียว ดูแค่แรงม้ากับแรงบิดต่อรอบก็ต่างกันลิบลับละคับ,0.85,,
ถูกกฎหมายเมื่อไหร่ บุหรี่จริงยอดขายจะน้อยลง หมอก็ลำบากเพราะโรงพยาบาลเดี๋ยวนี้ก็ รอคนไข้เนี่ยหล่ะถึงจะอยู่ได้ คนไข้ระบบหลอดลม ปอด จะน้อย,0.85,,
ถ้ากินคนเดียวก็หยิบไม่สิงก็ช้างนี่แหละ ฮูกาเด้นไว้กรณีออกสังคม แต่ถ้าไปกะเพื่อนก็จำใจกินลีโอ ไม่ชอบเลยง่ะ มันจืด ชีวิตพี่มันขมกว่านี้ไอน้อง,0.85,,
ต่างประเทศ อย่างแคนาดาเขาใช้เทคโนโลยีปลูกแล้วครับทั้งแสงแลความชื้นพอเหมาะสำหรับผลิตผลที่ดี อีกไม่นานเราคงต้องซื้อยารักษาโรคมะเร็งจากเขา,0.85,,
คือแดกมิดไนท์กันอยู่ดีๆเหล้าหมด ละเหลือแต่แสงโสม คืออิเปรต กูนึกกลิ่นก็จะอ้วกละอ่ะ เหล้าค่ายในตำนาน,0.85,,
ก็ยังกล้าใช้กันโน๊ะ แบรนดีๆราคาเบา พอน การนิเย่ โอเล เห็นผลช้ายังสบายใจกว่าครีมกวนอะไรพวกนี้,0.85,,
สั่งแสงโสมเสือกจะเอามิดไนท์ สงสารกูด้วยอิเวร แสงโสมเมาแล้วยังมีสร่าง แต่มิดไนท์นี่เมาแล้วคือไปเลย แป๊ปเดียวเช้าถาพตัด,0.85,,
กลุ้มใจภายในนี่แหละ ทำให้มันต่างจากนาวาร่าซะหน่อยเถอะ คอนโซลหน้าบุนุ่มซักนิดก็ยังดี ปล. หลุมวางของกับปลั๊กไฟ 12V บนคอนโซลกลางหายไปนะ,0.85,,
เหล้ายาดอง หงส์ทอง เบียร์ช้าง จัดมายกลัง เซ็นไว้ค่อยจ่าย เลี้ยงส่ง กับจากไป ของคนไม่รักดี,0.85,,
นครศรีธรรมราช​ สุราษฎร์ธานี​ หาดใหญ่​ น่าจะมีโปรแบบนี้บ้างน่ะ มีแต่ในกรุงเทพ ห่วยแตก👎,0.85,,
รีโว่ออกตัวกระตุกเครื่องไมดับนะครับสุดยอดเทคโนโลยี่มือใหม่นี่สบายเลยไม่ว่าหญิงหรือชาย อีซุไม่มีกล้องหลังเหรอแพงกว่าตังหลายหมื่น,0.85,,
ซีตี้สวยเเต่เสียดายจอ LED ไห้มากากมากก.. รุ่นก่อน miner สวยกว่า # วีออสก็สวยดีเเต่เสียดายกะจังหน้าอย่างเดียว..,0.85,,
นิสสันมีของดี แต่ขาดความกล้า กว่าจะเอาเข้ามาขาย รอ รอ รอ รอจนมีคู่แข่ง แล้วลูกค้าก็หันไปซื้อยี่ห้ออื่นกันหมด,0.85,,
หายใจไม่ออกแล้วโว้ย ดอยสุเทพหายไปแล้ว,0.85,,
ลิปอินนิสฟรีออยทิ้นที่บอกว่าไม่ติดหลอดคือไม่ติดจิง ไม่ติดปากด้วย หนึบๆต้องทิ้งไว้นานๆจนลืมว่าทา นังตัวดี,0.85,,
เสียชื่อหลายอย่างละช้าง ไปงานwater sonicปีนี้ก็ผิดหวัง เริ่มแย่หลายๆด้านละ ดูแลกิจการดีๆนะครับ เดียวสิงห์เอาไปกินหมดจะหาว่าไม่เตือน,0.85,,
"อยากให้ ซีพี, เบียร์ช้าง,กระทิงแดง,เซนทรัล,ไทยประกัน เจียดเงินบริจาค บริษัทละ พันล้าน นะท่านกินรวบประเทศแล้วให้สังคบ้างน่าจะดี เพื่อพี่ตูนจะได้พักบ้าง",0.85,,
ดีดีดี เขารับผิดชอบเร็วมากน้ะพี่ ชอบๆ,0.85,,
เด่วนะ family mart ขาย เบียร์ ช้าง ทำไมไม่เดือดกัน #โลกสวยไปอีก #คนไทย ชอบมองว่าสิ่งนั้นไม่ดีไม่งาม #แต่ใจสกปรก,0.85,,
ลูกค้าเก่าทรูไฟเบอร์ ณ วันนี้ ก็ไม่เคยมีการอัพเกรดให้ลูกค้าเก่าเลย ออกโปรใหม่ๆ เพื่อลูกค้าใหม่อย่างเดียวหรอครับ,0.85,,
เห็นเขาบอกกันว่าmgมันทน เห็นมันชนตูดฮอนด้าจนพัง mgมีรอยนิดเดียว,0.85,,
จริงๆ ที่บ้านมีหงษ์ทองพอดีเลยนะ แต่เข็ดหลาบกับหงษ์ทองมาก ความเหม็นของนางยังอยู่ในความทรงจำเช้าวันขำเหล้า,0.85,,
เห็นเค้าพูดได้ดี แน่นอนผมรุว่าผิดแต่กฎหมายมันแรงไป,0.85,,
กินมาจนนับขวดไม่ได้ของเขาดีจริง. รูปโปรฟายยังเป็นช้างเลย,0.85,,
สั่งดับเบิ้ลชีสเบอเกอร์มากินเพราะคิดว่าจะได้เนื้อ2ชิ้น อิเวง ละจะไม่เจ็บใจเลยถ้าบิ๊กแมคไม่ได้ราคาเท่ากันแต่ได้เนื้อ2ชิ้นและขนมปัง3แผ่น สึส!,0.85,,
ขี้โกง ทั่วประเทศมีตั้งหลายสาขา เสือกขายแต่ในกรุงเทพแค่สิบสาขา,0.85,,
บาคาดี้รัมอะไร เผชชิบหาย,0.85,,
กินแล้ว รสชาติแย่กว่าป๋องดำอีก แต่แรงจิง วูบวาบสุดๆ,0.85,,
ดีนะกูไม่ชอบบาบีก้อน รอด,0.85,,
ถูกต้องแล้วครับโตโยต้า ต้องมอบให้ เพราะเป็นคนสร้างชื่อเสียงด้านดีงามให้ดับประเทศไทย,0.85,,
ผมว่าจัดอยู่ในยาเสพติดดีกว่าตอนนี้ที่เป็นอยู่คือเสียเงินเป็นแสน,0.85,,
ทาร์ตถูกๆ ดีด้วย เค้าชอบทาร์ต naked คือเนื้อแป้งๆ ไม่ชอบ ซื้อต่อมือสองมายังเสียดายเงิน,0.85,,
เราไม่เสียดายเพราะเราไม่ชอบดื่มลีโอ ถ้าเป็นเบียร์ช้างล่ะก็เสียดายสุดๆ :),0.85,,
1.9ก็วิ่งมหาสารเกาะถนนด้วยรีโว่ยังเทียไม่ได้เลยของเค้าดีจริงๆว่าแล้ว4ประตูซักคันดีมั้ยเรา,0.85,,
ถนนรัตนาธิเบศร์ ประมาณตีห้ากว่า HRV สีดำขับแบบนี้ทุกเช้า เจอเกือบทุกวันครับ มันไม่คิดว่าจะทำให้คนอื่นเดือนร้อน ถ้ามันตายคนเดียวจะไม่ว่าอะไรเลยครับ,0.85,,
งงเลยสัสวันนั้นกูกินฮอตพอตทำไมอ่ะแดกนิดเดียว,0.85,,
เห็นแสนสิริกระจายงบลงเว็บออนไลน์โปรโมต 98 Wireless แล้วก็ได้ไอเดียเล่าเรื่องปัญหาชุมชนแออัดบ้าง หุ,0.85,,
สิ่งที่สกัดจากกัญชารักษามะเร็ง แต่ตัวกัญชาไม่ได้รักษาได้แต่ยิ้มอย่างเดียว,0.85,,
คืออีทูดี้เปิดกู้ดติง ฮือ คือต้องเสียเงินแล้ว,0.85,,
ไมไ่ด้นำเข้าและจำหน่าย ไม่ผิดกฏหมายแต่ต้องเตรียมทนายดีๆไว้ครับ เผื่อโดนซักทอดว่าได้มาจากไหนถ้าสั่งมาจากนอกเองนี่โดนนำเข้าไปเต็มๆ,0.85,,
ตับปีนี้ดีสุด แดกเหล้านับแก้วได้จากที่เคยเมาคลาน รับรู้ได้ว่าเมาทำไมตอนแฮงค์นี่ทรมานชิบหาย กินพอหายอยาก แล้วอย่าแดกแอพโซลูท แดกทีเมาหมามาก,0.85,,
ไผกินเบียช้างก็ระวังกันแนเด้อเดี่ยวสิถืกจับ งึดหลาย,0.85,,
คงจะเหนื่อยหน่อย ราคาขนาดนี้ มีตัวเลือก มากมาย และรถแบบเดียวกัน คงจะเดินรอยตาม นิสสัน Juke,0.85,,
โปรฯดีครับ แต่ 4จ่าย3 คนไม่พอนี่สิครับปัญหา,0.85,,
ตัวเดียวกันนี้ แต่พอเมอร์เซเดสเอาไปออกแบบใหม่ทำไมสวยขึ้นผิดตา ทีมออกแบบนิสสันประเทศไทยควรพิจารณาตัวเองเถอะครับ,0.85,,
ช้างกินดีกว่าอีก จืดมาก,0.85,,
ถ้าอันตรายจิงหน้าจะปิดโรงงานยาสูบก็จะดีนะ,0.85,,
ใช่ค่ะ ปกติทานมาไม่เคยติดกะทะ รอบนี้ติดสุดๆ ดึงทีขาดเละ พยามเอามันทาทั่วๆก็ไม่ช่วยเลย,0.85,,
รอโปรดีๆ ของเดือนนี้ อยู่นะคะ,0.85,,
รถดีที่ไม่น่าซื้อเป็นอย่างยิ่ง ประเภท ดูแต่ตามืออย่าต้อง ซื้อรถแถมแพด้วย 😊😊 เวลามีปัญหา พี่ฟอร์ดทิ้งสถานเดียว,0.85,,
Heineken 1 tower กูแดกคนเดียวได้ชิบหาย,0.85,,
รออยู่นั่นแหล่ะ เดี๋ยวไปๆ,0.85,,
แล้วก็เสียทรัพย์ให้กับพาเลตอีทูดี้จนได้,0.85,,
รักษาคุณภาพมาตรฐานหน่อยก็ดีนะครับ หลายอย่างที่แย่ลง จนผมเลิกกิน,0.85,,
เราใช้การ์นิเย่ ซอง15บาท หน้าใสเว่อร์ ครีมกวนพวกนี้ไม่เคยใช้เลยสักครั้ง กลัวหน้าพัง ผสมอะไรมาให้มั่งก็ไม่รู้ หยุดใช้ก็ไม่เป็นอะไรนะ,0.85,,
อยากกินเอ็มเค แต่มันกินคนเดียวไม่ได้ไง เพราะมันแพง จะหลอกใครไปดี 🤔🤔,0.85,,
เอารูปเบียร์ช้างไปเลยง่ายดี,0.85,,
เดินออกมาซื้อของคนเดียวมีคนมาขอบุหรี่ดูดซะงั้น 2ครั้งละตั้งแต่มา ถ้ามีบุหรี่ปกตินี่ให้ไปละ แต่นี่มาดูดiqosนานละ #โหดสัสรัสเซีย,0.85,,
ประกาศเงื่อนไขแบบละเอียดซักทีสิอิโชว์ดีซี ซื้ออะไรได้บ้าง ซื้ออะไรไม่ได้บ้าง นี่มันวันที่ 27 แล้วนะ,0.85,,
สิงห์ค่ะรักใครไม่เป็นรักตัวเองดีกว่ารักแล้วมีทุกเย็นมองหาไม่รุ้ว่าจะมาตอนไหนเสียเวลารอกินเบียร์ดีก,0.85,,
อ่อ เคยบอกไปหลายครั้งแล้วครับ ผมแค่คิดว่าก่อนจะทำเรื่องอื่นๆ มาจัดการเรื่องงานบริการขั้นพื้นฐานให้ดีก่อนดีกว่าครับ,0.85,,
มีความรู้สึกว่าอีกไม่นานจะได้ใช้ Accord หน้า + ท้ายแบบนี้ งง Honda ออกแบบงานดีไซน์ insight ดูลงตัวกว่า accord เฉย ทั้งๆที่ position ต่ำกว่า Accord อีก,0.85,,
ไปดูโกดังที่เก็บเหล้าตามจุดที่จะส่งร้านค้าเจริญเบียร์ช้างมันตุนจนล้นออกมาแล้วออกข่าวเป็นเดือนแล้วค่อยขึ้นรวยมันคนเดียว,0.85,,
มันหายกันได้ด้วย พนง เทพ มาก,0.85,,
แสนสิริ ทำโซเชียลมีเดียเยอะ ช่องทางประชาสัมพันธ์ก็เยอะตาม แต่พอมีปัญหาลูกค้าก็ร้องเรียนเยอะตามไปด้วย แถมแพร่กระจายในวงกว้างเร็วกว่าเดิม,0.85,,
รักช้าง ต้องดื่ม ช้าง เเปร่นๆ อยากกระโดนให้สุดๆติ่ง,0.85,,
โตโยต้าแคมรี่ใหม่ ขายดีกว่าแอคคอดใหม่ มันดีกว่าแค่ถูกกว่า โปรดีกว่า เสียดายแอคคอดจริงๆๆ,0.8,,
ไม่รอเวลา ขอสเมอนอฟป๋องนึงเดี๋ยวเคลียเอง,0.8,,
เมื่อวานกินช้างรุ่นนี้ เมาดีจัง พูดเลย 😅😅,0.8,,
เบียร์ลีโอ กินแล้ว เสียงดี กรางดี,0.8,,
ท่าจะดีเหมือนกัน งั้นข้าไปดื่มน้ำแร่ช้างก่อนนะ,0.8,,
เสียอย่างเดียวไม่มีกุ้ง,0.8,,
D max ตอนเดียวแผ่วเพราะเครื่อง1.9รึเปล่า ขนหนักๆ นานๆคงสู้พี่โตไม่ได้,0.8,,
เพราะเห็นน้องที่ทำงานใช้เลยลองใช้บ้างผลลัพธ์คือดีริ้วรอยตึ้นขึ้นพอทีมงานของsnailwhiteรู้เลยรับเชิญให้เป็นพรีเซ็นเตอร์คะ/ภทรมนดูจนจบรายการคะ/มาดามแป้ง,0.8,,
ปี2006 มีสินค้าตัวไหนแนะนำ หรือรีแมฟ ดีกว่า เอารถไม่พัง เกียร์ไม่พัง,0.8,,
ฝุ่นเชียงใหม่รุนแรงมาก ขึ้นดอยสุเทพ มองลงมาแทบไม่เห็นตัวเมือง เห็นใจคนเชียงใหม่มากๆ #อย่าให้ความผิดปกติที่เป็นมาอย่างต่อเนื่องกลายเป็นความเคยชิน,0.8,,
โชคดีไม่กินช้างกินลีโอ,0.8,,
เก็บดิ น่ารักดี เมื่อเช้าก้อจัดกระบอกเซเว่นไปอีก 2,0.8,,
แก้ปัญหาที่ถูกต้องคือไม่สร้างทางเลือกให้อีกจะดีกว่า หรือยกเลิกสิ่งเสพติดทุกชนิดซิครับ,0.8,,
ดีแม็กตอนเดียวนี่ทำยังงัยจะให้ขนของสู้ revo กับ navara ได้อ่ะคับ โดยที่ไม่ยุ่งกับเครื่องเลย ขน,0.8,,
เห็นข่าวแว่วๆมาว่าพิษภัยเท่า เฮโรอีน เดวจะรวมข้อมูลแฉคนปล่อยข่าว สื่อดีๆก็มีอยู่เสมอครับ,0.8,,
เรื่องนี้ให้รอบเดียว,0.8,,
รองพื้นลังโคมแตงอิดอลแม่งสุดว่ะ เลิศอะ /ปานาร์สทิ้ง,0.8,,
จริงๆถ้าเขมชาติมีรถให้หนวดด้วยก็น่าจะดี หนวดไม่ชอบรถแพงๆหรอกพวกสปอร์ตอะไรแบบนี้ เอาแค่civicก็พอ,0.8,,
น็ตหลุดบ่อยมากครับเล่นเกมส์อยู่ดีๆก็หลุดสักพักก็หลุดอีกเเล้วสักพักก็หลุดอีกหลุดเเล้วหลุดอีกจนต้องมาใช้wifi3bbเเทนถึงหายหงุดหงิด,0.8,,
คู่แข่งเขาไปถึงไหนกันแล้วทำไมถึงพึ่งมา เอ้า แต่ม่ช้าดีกว่าไม่มา สาวกนิสสันรอดู ว่าถุกใจป่าว,0.8,,
ถ้ามีตังอีกนิด ดูMazda 3ก้ดีนะคะ นิสสันนี่ไม่รู้ว่าจะซ่อมอู่ไหน อะไหล่หายากมั้ย แพงมั้ยด้วยค่ะ,0.8,,
รู้วี้สั่งแต่รอบแรกดีกว่า บังเลกับอินนิสฟรีอยู่นั่นสรุปแม่งพรีกันแพงชหไม่สู้,0.8,,
เห็นข่าวแล้วอุทานได้อย่างเดียว ชิบหายละพึ่งสังอะตอมมาด้วย,0.8,,
เคยใช้ที่เมกาก็ดีจริงเพราะมันก็มีอยู่ไม่กี่ยี่ห้อ มาเดนมาร์กจ้ะถ้าสโตร์ธรรมดาก็นีเวียวนไปดีแบกมาเยอะไม่ซื้ออีกนาน,0.8,,
เรดเลเบิล ใส่โค้ก ปีโป้ นี่เยี่ยมสัด แดกแก้วเดียวละเมาคือไร คออ่อนละหรอ,0.8,,
เรนเจอร์ราคามือสองไม่ได้หนีรีโว่เลย ใครที่บอกว่าโตขายต่อราคาดีอันนั้นมันยุควีโก้ ไม่ใช้รีโว่แน่นอน ตื่นๆๆได้แล้วครับ,0.8,,
ไม่ได้แล้ววจะไม่เก่งกับเหล้าถัง แอนด์สเมอร์นอฟแล้ว เข็ดสัส,0.8,,
cp บริจาคเท่าไรดี เบียร์สิงห์ เบียร์ช้าง เอาไงดีน่อ,0.8,,
มึงไปตายซะแพทเมืองนอกที่พวกมึงไปเรียนหาความรู้จากเค้าๆว่าดีกว่าบุหรี่จริงแต่พวกคุณมึงที่ไปเอาความรู้จากเค้ากลับว่าไม่ดีกูและงง,0.8,,
ความคิดเรื่องปฏิรูปที่ดินแทบจะเป็นไปไม่ได้เลย เพราะคนถือครองที่ดินมากที่สุดในประเทศนี้คือ สำนักงานทรัพย์สิน,0.8,,
ชอบชวนเมียไปดินเนอร์ เดียวเพื่อนก็อิจฉาเราหรอกเต้,0.8,,
แสงโสมปลอมตามร้านโชว์ห่วยก็มี เดี๋ยวนี้ตามผับเอา 285 กรอกใส่ขวดเรดก็เยอะ,0.8,,
"มิต = ""ดี สุด ใจ"" มิตดีสุดๆ ประหยัดน้ำมัน ถึก ใช้งานได้นาน แถมแรง และซิ่งได้สุดๆเลยไปเลยค่ะ รักจริง รักมาก มิตซูบิชิ",0.8,,
มาเถอะครับ ที่บ้านผมไม่เคยใช้นิสสันเลย จะลองใช้ดูสักคัน แต่ ( อย่านานมากนะครับ เดียวจะเปลี่ยนใจกลับไปใช้ยี่ห้อเดิม ),0.8,,
ดีที่รีบเอา มาสด้าสามเข้ามาแก้วิกฤต แทนโปรตรีเจ้ เลยรอดตายมาได้,0.8,,
แบบนี้เบียร์ช้าง สิงห์ พวกนี้ก็รอดสิครับ 4ดีกรี,0.8,,
เปลี่ยนมากินช้างเลยตั้งเเต่พี่เวียรโฆษณารักที่สุด,0.8,,
คูปองที่ให้มาไม่สามารถใช้ได้หลายใบต่อ1ใบเสร็จหราคะ ไม่ใช่เมนูเดียวกันนะคะ พอดีใช้คูปองติ่มซำ1แถม1ไปแต่จะใช้น้ำแตงโมปั่น1แถม1ไม่ได้ค่ะ,0.8,,
อิ่มมากเลยก้อน ท่าจะให้ดีเปลี่ยนเกี๊ยวซ่าเป็นอาหารอย่างอื่นน่าจะได้นะ เบื่อแล้ว,0.8,,
ซีรี่ย์เกาเรื่องไหนบทดีๆ Netflix ช้าตลอด บางเรื่องไม่เข้าสักที เบี่ย #Netflix,0.8,,
ใครเคยไปญี่ปุ่นมาจะรู้ว่าขนาดวีโก้ยังหายากเลย. ไปหาดีโด้ที่ญี่ปุ่นน่าจะง่ายกว่ารีโว่อีก,0.8,,
ซื้อแล้ว อย่าลืมเข้าศูนย์ให้ตลอดนะครับ เดี๋ยวเคลมคอนโซลไม่ได้เหมือนเทียน่านะเอ่อ,0.8,,
ก็คงสุ่มไงครับก้อน ไม่ได้เอาแต่งดี,0.8,,
เตียงนอนนิ่มดี แต่เวลาขยับตัวจะมีเสียงเพราะเป็นไม้,0.8,,
กรานทำงานก็เหมือนหมอ ที่รักษาโรคมะเร็งนิ้วใหนไม่ดีตัดทิ้งเถอะ พี่ชายคนเดืยวเสียสละเถอะเพื่อประเทศชาติจะได้สูงขึ้น,0.8,,
นิสสันนี่รถดีแต่ผู้บริหารห่วย ตามค่ายอื่นเขาไม่ทัน เขาออกรุ่นใหม่กันให้โครมๆ นิสสันเงียบกริบ ปล.หมดประกันศูนย์แล้วหาอู่นอกดีๆไม่ง้อก้ได้,0.8,,
ไปเอายาริสไม่ดีกว่าหรอว่ะ,0.8,,
กินเมื่อวานนี้ยุสีเกดไม่เหนลดเลยครับ แต่ดียุอาหารอร่อย,0.8,,
เบียร์ช้างหั่นดีกรี ส่งผลจ่ายภาษีลด,0.8,,
ในที่สุดก็ยอมแล้ว Toyota จะเริ่มรองรับ Apple CarPlay กับเขาสักที,0.8,,
ไป FORTUNER หรอครับ เท่าที่ใช้มาเป็นรถที่ดีแต่ราคาสูงกว่าคุณภาพนะครับ พูดเลย,0.8,,
ช้าง3ขวดไหลผสมไอ้เหี้ยนี่เอาอยู่ คนเดียวนะถ้ากินกะเพื่อนเปลือง,0.8,,
มาสด้าสองดีเซล. แจ่มครับ แต่เห็นว่ามีปัญหาหลายคัน,0.8,,
ตัดใจรอแอคคอร์ด2018ดีกว่าถ้าราคานี้,0.8,,
มีอาการคล้ายกรดไหลย้อนปนท้องเสียหน่อย ๆ สัส มาเป็นอะไรตอนนี้วะ พรุ่งนี้หัวหน้าจะเลี้ยงบาบีกอน เดี๋ยวกินได้ไม่เยอะ,0.8,,
สั่งพาเลทนี้ทางเซโฟร่ากันเถอะค่ะ ไม่มีอะไรจะเสียแล้ว limited edition ด้วย และการที่มีสีคอนทัวร์คือ Hoola อันเดียวก็…,0.8,,
ปี 2018 บอกว่าดี แต่ตอนวีออส 2013 เกียร์ 4 สปีด ด่ากันฉิบหายวายปวง เอาสิ 😬😬,0.8,,
นีเวีย มาอีกรอบดีใจจัง,0.8,,
ดีแม็คครับมันเย็นใด้ประมาน1อาทิตแล้วก็หายเย็นครับต้องเปิดเบอ3,0.8,,
เคสนี้คล้ายกับที่เกิดขึ้นในอเมริกา ถ้าจำไม่ผิด น่าจะเป็น Toyota Prius และดูเหมือนจะโอละพ่อในที่สุด ผิดที่คนขับเอง,0.8,,
แต่มันก็ต้องอยู่ในรถไงฮะ ขอละมุนตานิดนึง ผมจะมีปัญหากับรถที่Interiorไม่ไปทางใดทางนึง จริงๆNissanเค้าทำได้ดีในเรื่องนี้ไงฮะ เลยขัดๆนิดนึง,0.8,,
"พนักงาน Eve&Boy โซน Drug store อะ จิกเก่ง แต่พวกแบบ Estée, Mac อย่างเงี้ย คือดีมาก งงใจ",0.8,,
แสงโสมแบนเดียวทำอะไรกูไม่ได้,0.8,,
สำโรงไม่ใช่299. แย่เสียใจสุดๆ,0.8,,
ดีแล้วครับ เจอทีมรองต้องเก็บแต้มให้ได้ ใครจะว่าอะไรก็ว่าไป ก็ทำผลงานให้ดีที่สุดเท่าที่เราจะทำได้ด้วยทีมชุดนี้ keep walking,0.8,,
ต๊ะล๊อดเรย กินช้างดีกว่า 55,0.8,,
พึ่งหยุดปีใหม่ยังไม่ทันไร! มาเช็ควันหยุดตลอดทั้งปีนี้กันดีกว่า แอดนี่ลางานรอไว้แล้วจ้า หุหุ,0.8,,
ดีนะเราไม่กินช้าง,0.8,,
รออดีกว่าเชื่อเค้าส,0.8,,
แดกช้างมาแรงดีนะมึง,0.8,,
รถผมเคยเปนคับ เดวสักพักมันก้อขึ้นคับ วีออสเหมือนกันคับ ผมแนะนำคับ ลบเหอะ เดียวจะเสียหมา,0.8,,
ช่วงที่1| มาดูคุณธนาธรแก้ปัญหาฝุ่น PM 2.5 แบบเฉียบๆ #เปิดใจกับป๊อกกี้ #ไทยรัฐเลือกตั้ง62 #TheRapper2 #ไทยรัฐดีเบต,0.8,,
6-7 แสนให้ออกวีออส เหรอ ผมคนหนึ่ละไม่เอาแน่ เอาเงินไปซื้อ เบนซ์ E220 cdi มือ2 ปี 2004 -2008 มาขับดีกว่า ครับ,0.8,,
วันนี้ชั้นกินลีโอพร้อมกับการที่ต้องเสียเงินเพิ่มขึ้น ดีนะภาษีน้ำแข็งไม่ขึ้น,0.8,,
MG ไม่เคยทำให้ผิดหวัง ดีไซน์รถหรูสวย,0.75,,
รอไม่ไหวแล้ว อยากจะไปเดี๋ยวนี้55,0.75,,
ถ้า Toyota เอา Shark Fin ของ Fortuner มาใส่ให้ Revo ตัวTop รับรองขายดีแน่นอน,0.75,,
พฤหัสดีไม่ได้หยุดเลย,0.75,,
อ่านแล้วแชร์ลับสุดยอด!! “หมอแสง” เปิดบ้านโชว์ทุกขั้นตอนผลิตยารักษามะเร็ง ก่อนเตรียมแจกจ่ายรักษาผู้ป่วย หวังเป็นอีกทางเลือกให้คนรอด!!,0.75,,
มีกล้องรอบทิศทางเลย..สุดยอดจริง..นิสสันนาวารา,0.75,,
เค้าก็จะบอกเราเสมอว่า มันผิดเพราะมันไม่ได้เสียภาษีและเค้าไม่ยอมให้เสียภาษีทั้งที่พวกเรายินดียอมเสียภาษี,0.75,,
ส่วน B หายไป ชอบแบรนด์ Honda แดงสดสวยโฉบเฉี่ยว หรูดูดีมีสไตล์,0.75,,
เดี๋ยวนี้เค้าจะเปิดร้านกาแฟหรอเจ็ง,0.75,,
รอแฟนพี่หายก่อน เดียวไปกินกัน. น่ากินเนอะ,0.75,,
ไทยต้องเปลี่ยนเป็น สิงห์ เพราะเบียร์สิงห์ ขายดีกว่า เบียร์ช้าง,0.75,,
เหตุผลเดียวประเทศฝั่งขวา เก็บภาษีไม่ได้เลยตีความว่าอันตราย,0.7,,
ขออีกรูป ไม่รู้ว่าไปโดน285รึเบียร์ช้างมาถึงเป็นแบบนี้ ผมเจอตอนตี4 นึกว่านอนหลับ เพื่อนเค้าไปไหนหมดถึงมานอนคนเดียว,0.7,,
เดี๋ยวรอเทียน่าไมเนอร์เชนจ์มาสู้,0.7,,
ถ้านิสสันนำเทียน่าตัวใหม่เข้ามาขาย รับรองยอดขายน่าจะนำกลุ่มแน่นอน ซิลฟี่กับ อัลเมร่าก็น่าจะออกแบบหรูๆ หน่อยทั้ภายนอก-ไน แล้วยอดขายจะดีขึ้แน่นอน,0.7,,
ตัวนี้ไม่ขายในไทยนะครับ อยากได้สั่งนำเข้า ผมก็ใช้โฟกัส 2012 ใช้มา5ปี เจอหลายปัญหา แต่ตอนนี้ขายทิ้งแล้วครับ ไปใช้ EV แทน ไม่เข็ดครับ ชอบฟอร์ด ขับมันดี,0.7,,
ชอบ Honda brio amaze เพราะ ชอบดีไซน์ที่หรูหรา แนวสปอร์ต เป็นอีโคคาร์ ประหยัดพลังงาน ภายในกว้าง สะดวกสบาย ฮอนด้าที่รัก #EnjoyHondaThailand,0.7,,
ไป๊ๆๆ รอบิ๊กมากรุงเทพ,0.7,,
น้องมิคไนท์ น้องเชียงชุน น้องลีโอ น้องช้าง น้อง285 น้องแม่วัง น้อง28ดีกรี่ น้องแสงโสม น้องแอลเอ็มเขียว,0.7,,
ไม่ต้องเสียเพิ่มน้า คนเดียวก็ได้ เดี๋ยวแอดไปกินเป็นเพื่อน อิอิ,0.7,,
กินนี้ดีกว่าเปลี่ยนใจอีกรอบ อิอิ,0.7,,
เอาเบียร์ช้างนะครับใหญ่ดีอิๆ,0.7,,
เดี๋ยววันนี้ไปแน่นอน กรอบรูปคงเหลือนะ^_^,0.7,,
ผู้เวลาไปถ่าย innisfree นี่งานดีชิบหายเบย,0.7,,
"สู้นะคับพวกพี่ๆ ผมเปนกำลังใจให้อีก1เสียงคับ ขอให้ผ่านไปได้ด้วยดีคับ ทุกวันนี้ต้องกลับมาดูดบุหรี่แร้วคับ ไม่กล้าพก - -""",0.7,,
ต้องได้ต้องโดนบ้างแล้ว จารย์พอทฟังธง 3ตัวตรงๆ ใครเห็นแล้วอย่าเสียงดัง (เดี๋ยวเลขเคลื่อน) #HOTPOTBUFFET #DIYBUFFET #สนุกเต็มที่อร่อยเต็มอิ่ม,0.7,,
สุเทพ เชื่อ ป้อมไม่ผิดคดีนาฬิกา ชี้ ใส่นาฬิกาแพง ไม่ได้หมายความว่าไปทุจริตมา,0.7,,
เสียงเบาจริงครับ หาหูฟังมาใส่ ดีขึ้นครับ,0.7,,
ผมเห็นเบียร์ช้างแล้วนึกถึงเพื่อนพี่ที่ดีที่สุดทุกที,0.7,,
ฟอร์ดที่ขายได้เพราะรถมันดี ไม่ใช่ชื่อเสียง,0.7,,
รอmazda3 x ดีกว่า,0.7,,
คหสตนี่ว่าลีโอไม่อร่อยอะให้กินลีโอกุกินช้างดีกว่า นุ่มคอกว่าเยอะ,0.7,,
เอาตรงๆกูเคยกินเบียร์​กินเหล้ากูก็รู้สึกมันไม่ได้แย่แต่พอกูมาแดกสปายแล้วมันจะร้องกูว่ามันอย่มากๆกับการนั่งแดกคนเดีย…,0.7,,
เมื่อกี้ไปเวสว่าจะแวะดูอีทูดี้ก็ไม่ได้แวะ ไม่ไหวค่ดเพลีย,0.7,,
เสริมทักษะ. ^^ ต้องรู้ผิดรู้ถูก. ตอนนึ้นานๆกินๆแฮ้ง ลำบากกาย..นานๆที่ สปายสามขวดพอดี ดื่มคนเดียว..หลับ. . ประมาท 25% รึเปล่า.,0.7,,
สู้ๆ กูก็เป็น เวลานอนยังหายาก เดี่ยวมันก็ผ่านไป ไฟท์กับมันไห้เต็มที่,0.7,,
จริงๆเบียร์ช้างก็รสชาดดีกว่าลีโอแล้วนะ,0.7,,
ไม่มีระยอง เสียใจ จุง Ryo SarayutSahapoom Suwanmajoเล้า เต่านาย สมถุย ใจดี,0.7,,
นานๆทีก็ดีนะ #แมงกระพรุน ของเค้า #ท้องแตก #อิ่มเกิน @ BBQ Plaza,0.7,,
