text,source,label,note
มีอีกมั้ยจัดมาเลยหะ เลือกแดกให้ตาแตกไปเลย,wisesight,1,
สมมุติว่า สำลีคือ ปอด https://youtu.be/HD__r66sFjk,wisesight,0,
"ร้านนี้ตั้งอยู่ที่ CDC รามอินทรา อยู่ตรงโซนกลาง ใกล้ๆกับร้านอาหาร ZEN ร้านไม่ใหญ่มาก พนักงานบริการดี อาหารอร่อย ราคาไม่แพงจนเกินไป

เมนูที่สั่ง
- คอหมูย่าง >> ย่างมาไหม้กำลังดี แต่เนื้อยังไม่นุ่มเม่ามี่ควร
- แหนมเนือง >> สั่งชุดเล็กมา รสชาติดีใช้ได้เลย
- ส้มตำ
- น้ำตกหมู",wongnai,0,
เบื่อมึง น่ารำ,wisesight,0,
ร้านTwist Eat&Drink ตั้งอยู่บนชั้นสามของตึกseen spaceในทองหล่อ13..ร้านเป็นกระจกโล่งสบายตาดูอบอุ่นและเป็นธรรมชาติมากๆ..อาหารเป็นแบบเพื่อสุภาพ modern mediteranian style..pork chop..crab pasta..salmon..ทำออกมาได้อย่างลงตัวทุกจาน..เหมาะสำหรับนั่งทานbrunchวันหยุดสุดสัปดาห์เป็นอย่างยิ่ง..,wongnai,0,
เหมาะสำหรับ ทุกเพศทุกวัย มากันเป็นหมู่คณะ ครอบครัว สังสรรค์ มีความเป็นส่วนตัว ลูกค้ามีทั้งชาวไทย และชาวต่างชาติ รสชาติอาหารดีพอใช้ ราคาย่อมเยาเป็นกันเอง หากท่านได้ผ่านมาทาง อ.หางดง จ.เชียงใหม่ เรียนเชิญแวะชิมอาหาร ได้นะครับ...!!!,wongnai,0,
จิบเบียร์ริมแม่นํ้าเจ้าพระยา บรรยากาศชิคๆชิวๆ มีดนตรีสดเพราะๆ พนักงานเสริฟสวย คุยง่าย แถมยังมีเบียร์หลากหลายแบบบริการ.. ถึงแม้ราคาจะสูง + Vat + Service Charge อีกบานเบอะ แต่ก็ถือว่าเริ่ดมาก เหมาะแก่การกลับมาอีกรอบ ????,wongnai,1,
องมินคือแบบ เวนเอ้ย ฮือออๆๆๆรกากยกนกนดขแนบดนกลกุรักอินนิสฟรีช่วยด้วยอฃมินเตมไปหมดแน้วฮทอกุมือสั่ยกาวๆสกวแยเ,wisesight,X,
ร้านนี้ถ้าใครรักสุขภาพหน่อยก็จะรู้จักดี   ต้องกินตลอด  คือเขามีมานานแล้วนะคะ   มีสาขาเยอะแยะเลย  ไม้เค้าอร่อยมากจริงๆ  แป้งก็นุ่มมากจริงๆ  คือชิ้นนึงจะได้หมูแดงแบบเต็มๆเยอะมาก  และใหญ่มาก  แต่รู้สึกว่ามันเข้ากันไปหมด,wongnai,0,
มีของนาวาร่า D40 ไหมคับ,wisesight,0,
เรากินแล้วนะเบียร์หมี แต่หมีนี่ต้องพิสูจน์,wisesight,0,
ร้านนี้เพิ่งเปิดตัวได้ไม่นาน เป็นร้านที่ตกแต่งน่ารักๆ ถ่ายรูปก็สวย มี2ชั้นด้วย เมนูร้านนี้ก็มีหลากหลาย ทั้งที่เป็นซิกเนเจอร์ และก็กาแฟดริ๊ปที่สามารถเลือกเมล็ดได้ถึง 3 อย่าง อต่วันนี้จะ เจ้าของร้านเป็นกันเอง ใส่ใจในการชงกาแฟเป็นอย่างมาก ยังไงก็ลองมากันได้,wongnai,0,
คือรูปที่อยู่ในกรอบสีม่วงคันที่ 4 นับจากซ้ายไปขวาและแถวที่ 2นับจากแถวล่สงขึ้นบน #รักฮอนด้า,wisesight,0,
ร้านตั้งอยู่ในซอยที่เล็กมากๆข้างโรงพยาบาลสมเด็จ ถ้ามาช่วงวันหยุดอาจไม่มีที่จอดรถ เพราะฉะนั้นหลีกเลี่ยงช่วง peak แต่ถ้ามาหลัง 16.00 อาหารอาจหมด เป็นร้านไม่เน้นบรรยากาศ แต่เน้นรสชาดอาหาร สั่งเลยอร่อยทุกอย่าง มีไอติมกะทิให้ฟรี บริการตัวเอง,wongnai,0,
285 อาชา ลีโอ จัดมาชุดโต รอบนี้เฮ้าจ่าย ผุ้สาวขี้เหล้า หน่อยค่ะ,wisesight,0,
สั่งอาหารขั้นต่ำ 150 บาท ค่าบริการจัดส่ง 40 บาทค่ะ,wisesight,0,
รำคาญผ้าอนามัยสัส มึงจะงกกาวไปไหน เหี้ย,wisesight,0,
"ทานชาเขียวกีวี่+ไข่มุกเป็นประจำค่ะ 
ทานกี่สาขาๆก็เหมือนเดิม 
แต่กว่าจะได้ถ่ายรูปก็รู้ตัวอีกที ดูดจ๊วฟๆหมดแล้ว 
ชานมไข่มุกก็หอมค่ะ 
ชาไม่เข้มเกินไป 
ทานแล้วไม่ปวดหัว 
เป็นร้านชาที่เจอเยอะมากและก็แวะทุกทีที่เจอ 
อร่อยครบสูตรค่ะ 
(ไม่เคยเจอไข่มุกบูดเหมือนบางเจ้า)",wongnai,0,
น้องเบื่อเกี๊ยวซ่าาา,wisesight,0,
สิ่งที่โดดเด่นของร้าน yoomoo frozen yogurt เลย ก็คงเป็น yogurt ของทางร้าน  ที่ทำรสชาติออกมาได้อร่อยมาก  มันเปรี้ยวหวานลงตัว เข้ากันได้ดีกับรสชาติของไอศกรีม ที่มีให้เลือกหลากหลายรสชาติด้วยกัน  แต่โดยส่วนตัวชอบรสธรรมดาๆมากกว่า เพราะไม่อ้วนและอร่อยดี,wongnai,0,
ไปกับยิมหรอ,wisesight,0,
ไปๆๆไปลาว,wisesight,0,
แพ้ผ้าอนามัยโซฟีอิดอก เหี้ยมาก ผื่นขึ้นตูดแบบบ ไม่โอเคอะมึง จะทาแป้งก็มองไม่เห็น จะวานแฟนทาให้ก็เกรงใจ5555,wisesight,0,
ถ้าท่านหิวมาก ตาลายคล้ายจะเป็นลม แวะร้านนี้พอช่วยท่านได้ แต่สำหรับผม รสชาติธรรมดาไปนิด ถ้าเทียบกับชื่อร้านและคำแนะนำ ข้าวมันจานใหญ่ดี ทานอิ่ม ไก่เนื้อแน่นแต่รสจืดไปนิด ทำให้รู้สึกว่าอิ่มจนไม่อร่อย แต่ก็ยังมีน้ำซุบต้มยำ ที่มาพร้อมกับข้าวมัน รสดีเลยละ เอาเป็นว่าถ้าผ่านมาก็แวะทานได้ แต่ไม่ต้องดิ้นรนพยายามมากิน เพราะอาจไม่คุ้มค่า (รสมันไม่ถูกปาก กับทุกคนนี่เนอะ),wongnai,0,
เส้นข้างรถนึกว่า,wisesight,0,
ฉีกทุกadผ้าอนามัยที่เคยมี😂😂😂,wisesight,0,
ชุดพี่หมื่นไม่สะดวก ออเจ้าไปได้เลย 😅,wisesight,0,
ต้องจัดเร็วๆนี้ ^_^,wisesight,0,
แมคไก่ทอดน้ำเกลือ ใหญ่ กรอบเต็มคำ,wisesight,0,
ผักกาดขาวไม่มีแล้วหนิครับ,wisesight,0,
"วันนี้สั่ง
s'more dip ราคา 180บาท รสชาติโอเค ช๊อคโกแลตจัดเต็มมาก (ตอนมาเสริฟไม่ค่อยร้อนมาก เวลากินมาชเมโล เลยค่อนข้างแข็งนิดหน่อยไม่มาก) โดยรวมถือว่าโอเคคะ (อาจจะเป็นเพราะถ่ายรูปนานไป เลยเย็น555)
honey toast โอวัลตินภูเขาไฟ ราคา ประมาณ 160บาท (จำราคาไม่ได้) รสชาติโอเค ไอติมช็อคโกแลตอร่อย ผงโอวัลตินจัดหนักมาก (ใครไม่ชอบกินโอวัลตินก็สั่งแบบธรรมดาได้)",wongnai,0,
Mazda มีเเบบนี้บ้างไหมครับ,wisesight,0,
ออเจ้า... คุณพี่ภาพ..นี้...อยากกินเบียร์ช้าง....ต้องไปจัดซะ...ให้หายอยาก..สัก...10..ขวด,wisesight,0,
หนูหิววววว,wisesight,0,
เฟ้นฟายเจ้านี้อร่อยดีครับมีให้เลือกหลากหลายสูตรทั้งสูตรซาวครีมสูตร-ที่สำคัญปกติผมจะไม่ค่อยชอบเฟร้นหรายที่เป็นเส้นใหญ่เนื่องจากมันจะไม่ค่อยกรอบเท่าไหร่แต่เจ้านี้ทอดออกมาได้กรอบอร่อยดีใช้ได้เลยครับที่สำคัญราคาไม่แพงแล้วให้เยอะถือว่ากินเอาอิ่มได้เลยนะครับนี่,wongnai,0,
"ร้านนี้เป็นร้านที่ถูกแนะนำต่อๆกันมาสำหรับใครที่มาเที่ยวเกาะช้างต้องไม่พลาดแวะร้านนี้ อาหารทะเลราคาปานกลาง บริการดีเป็นกันเอง อาหารรสชาติอร่อย
แต่ใครที่มาช่วงวันหยุดยาวเทศกาล ต้องอดทนใจเย็นนิสนึงนะคะ เพราะคนมาทานเยอะมาก แต่นอกนั้น็โอเค ประทับใจค่ะ",wongnai,0,
ออกทริป ตจว ไม่เคยทานที่ไหนซ้ำ สองครั้งนอกจากทริปนี้ อิ่ม อร่อยมาก จานแรกทานเล่น ปลารากกล้วยทอด ตามด้วยไม่สั่งไม่ได้ ยำผักกูด กับผัดผักกูด ต้มยำปลาคัง ฉู่ฉี่ ปลาคัง ผัดเห็ดน้ำมันหอย ทุกอย่างที่พูดมานี่สั่งสองจานหมดเลยครับ แถมวันกลับ ยังตามไปซ้ำเมนูเดิมอีกครับ  ย้ำอีกครั้ง มาสวนผึ้ง ต้องไปทานร้านนี้ครับ,wongnai,0,
โดนไปพันนึง,wisesight,0,
"ใครจะไปคิดว่าเราจะหาร้านอาหารแบบนี้ได้ภายในวัด เพียงแค่เดินออกมาที่ริมน้ำ
ร้านนี้มีเมนูให้เลือกมากมาย เหมือนกับร้านอาหารดีๆทั่วไป 
รสชาติอาหารของที่นี้ ผมให้ผ่านนะครับ อร่อยถูกปากทุกรายการ
การบริการ อันนี้ก็ให้ผ่านเช่นกัน
สถานที่ ก็ให้ผ่านครับ เราสามารถทานอาหารไปชมวิวไปได้อย่างเพลิดเพลิน 

ให้ 3 ผ่านครับ",wongnai,0,
รักษามะเร็งด้วยธรรมชาติบำบัด แม่ชีศันสนีย์ แห่งเสถียรธรรมสถาน,wisesight,0,
ตื่นสายๆ ในวันสบายๆ มาหาหนังดูมากินข้าวเที่ยงด้วยเลย เดินหาในอเวนิวเห็นร้านนี้อยู่ตรงมุมสุดของชั้น เป็นบุฟเฟ่ต์ปิ้งย่างและชาบู ผมมาเป็นโต๊ะแรกของร้านพนักงานยังเตรียมของกันอยู่มียกของมาเติมเรื่อยๆ ที่ตักมาเยอะน่าจะเป็นหมูหมักเพราะนิ่ม กินง่ายสุด ไม่เหนียว ไม่เย็นจนชืด โดยรวมถือว่าโอเคกับราคาได้กินครบทุกอย่าง,wongnai,0,
ต้องเคยมีคนสับสนระหว่างโออิรันกับเกอิชาแน่เลย เพราะงั้นวันนี้จะพามารู้จักกับโออิรัน โสเภณีของญี่ปุ่น บอกเลยว่าเป็นโออิรันที่ต้องขายทั้งร่างขายทั้งศิลป์ก็ว่ายากแล้ว แต่เป็นคนซื้อบริการโออิรันนั้นยากกว่า,wisesight,0,
"รสชาด B
คุณภาพวัตถุดิบ A
บริการ A
บรรยากาศ C+
ราคา C
ได้ยินเด็ก5ขวบพูดผิดหวังเมื่อเดินไปที่ตู้แฮปปี้มีลแล้วชุดของเล่นหมด การตลาดเค้าดีมากเลยนะ เด็กสนใจเข้ามากินที่ร้านยังไม่พอ ตอนกลับยังมีชุด HAPPY MEAL ให้ผูกพัน ให้กลับมาเป็นสาวกอีก",wongnai,1,
เป็นร้านเล็กๆ แต่คนเยอะมีเมนูให้เลือกเยอะมากส่วนตัวคิดว่าเหมาะกับอาหารเช้านะ เน้นไข่เกือบทุกเมนูมีข้าวต้ม ต้มเส้น โจ้ก ด้วย รสชาติก็อร่อยดีมีแบบทรงเครื่อง ส่วนตัวคิดว่าขนมปังแข็งเกินไปแต่กุนเชียงกับหมูยอข้างในอร่อยมาก สิ่งที่ชอบคือชาเขียวโบราณ หอมชามากๆ ไม่หวานด้วย ที่จอดรถหน้าร้านไม่มีนะแต่จอดวัดจ้างๆได้,wongnai,0,
จากใจเลยครับ เพราะรัฐขาดรายได้ โรงงานยาสูบอยู่ไม่ได้ สั้นๆ จบนะ #จะรณรงค์ให้คนเลิกบุหรี่หาพระแสงดาบเลเซอร์หรอ ? #จะมีวันงดสูบบุหรี่ เพื่อ ?,wisesight,1,
"ก็เพราะตั้งกฎแบบนี้ ฟูจิเลยได้แค่ 3 ดาวในวันนี้ จริงๆเมนูที่ชอบๆก็กินบ่อยแล้ว วันนี้เลยลองเมนูที่ไม่เคยลอง

เมนูใหม่สปาเก็ตตี้ไวท์ซอส+แซลมอน เส้นเหนียวมันดี แต่ซอสครีมเลี่ยนมากๆ ฟูจิทำอาหารอิตาเลี่ยนไม่ได้จริงๆ

สลัดยำอโวคาโด้ อร่อยค่ะจานนี้ เสียดาย อโวคาโด้น้อยไปนิด

เมนูอื่นๆรสชาติดี",wongnai,0,
555 สก อ่าาา555,wisesight,0,
ร้านกาแฟดีๆๆ ไม่คิดว่าจะเจอในที่แบบนี้. ร้านเปิด 7:30 แต่พนักงานจะมาก่อนสุดเจ็ดโมง เมล็ดกาแฟมีให้เลือกหลายชนิด  มีกาแฟcold drip สุดแสนอร่อย มาที่ร้านนี้ต้องกินกาแฟ ทางร้านก้อมีขนมเค้ก วาฟเฟิล บราวนี่ขาย. เค้กมะพร้าวอร่อยวช้ได้,wongnai,0,
"ไปกินกับครอบครัว  ช่วงสงกรานต์ คนก็เลยเยอะ แต่ร้านก็ทำตามคิวดีคะ เจ้าของร้านอาจดูห้าว ๆ หน่อย น่าจะเป็นเพราะไม่มีลูกจ้าง SME ของแท้ 
อาหารทะเลสดอร่อย ราคามิตรภาพ ไม่มีสนามเด็กเล่นให้เด็ก แต่มีทรายละเอียด ๆ ให้เด็กแท้
สรุปให้ 4 ดาวนะคะ เพราะยังไม่ได้ลองปู",wongnai,0,
"ร้านอยู่ในซอยเอกมัย มีที่จอดรถ สะกวดสบาย มีทั้งอาหารเเละเบเกอรี่ มีทั้งโซนในร้าน เเละโซนนอกร้าน เเต่วันที่ไปฝนตกเลยต้องนั่งโซนในร้าน บรรยากาศเหมาะสำหรับการนัดคุยกับเพื่อนๆหรือนั่งพักผ่อนอ่านหนังสือ

อาหารที่สั่งมียำปลาเเซลม่อน สปาเกตตี้ เครป คัพเค้กชอค รสชาดอร่อยดีค่ะ ราคาอาหารอยู่ที่ 280 up 
เเอบผิดหวังกับยำปลาเเซลม่อนจานเล็กมากกกก เเต่บรรยากาศดี พอให้อภัยได้ค่ะ",wongnai,0,
ก๋วยเตี๋ยวเนื้อตุ๋น เนื้อเปื่อย อร่อยมาก เนื้อไม่เหนียวเหมือนเจ้าอื่นๆ รสชาติดี น้ำซุปอร่อยมากๆ ได้้ยอะ ชามละ 35-40 บาทขึ้นไป สามารถสั่งเนื้อตุ๋นเปล่าๆมาทานเล่นได้ด้วยนะคะ ร้านเหมือนร้านก๋วยเตี๋ยวทั่วไปจ้า,wongnai,0,
โออิชิราเมน สาขาโรบินสันราชบุรี ร้านราเมนที่มีเมนูเยอะแยะ ทั้งราเมน เบนโตะ รสชาติใช้ได้เลยทีเดียว ร้านค่อนข้างนั่งได้สบาย มีโต๊ะเยอะเหมือนกัน รอไม่ค่อยนานเท่าไหร่ โออิชิมักจะมีเมนูประจำเดือนใหม่ๆให้ลิ้มลองเรื่อยน่าสนใจดี,wongnai,0,
"มีโอกาสได้เข้าอุดหนุนร้านนี้เมื่อตอนไปเที่ยวที่ท่าม่วง เลยแวะทานเครื่องดื่มเย็นๆสักแก้ว

เลยเลือกเป็นโกโก้ปั่น
รสชาติค่อนข้างแปลกจากโกฌก้ที่อื่นอย่างมาก
ไม่ค่อยถูกปากเท่าไหร่ครับ

แต่พูดถึงเรื่องบรรยสกาสร้านนั้นโอเคมาก
เหมาะแก่การนั่งชิล ชมวิวแม่น้ำโขงสวยๆ",wongnai,0,
เส้นเล็กน้ำ ซุปกับเส้นเข้ากันได้ดีมาก เส้นเหนียวน้ำซุปหอมหวาน สมคำลำรือ ร้านข้างๆก็อร่อยกุยช่าย เมี่ยงก๋วยเตียว อร่อยเหาะ ราคาไม่แพงแต่ปริมาณเยอะสมกับราคาที่ให้มาในรีวิว เสียดายอากาสร้อนไปหน่อย ถ้ามาบ้านบึงต้องลองดูครับ,wongnai,0,
ร้านนี้สีหวานมาก เข้าไปในร้านนี่ชมพูทั้งร้าน สายหวานต้องจัด มีพร้อบต่างๆให้ใส่ถ่ายรูปด้วย เราสั่งเมนูสตรอเบอร์รี่ชีสเค้ก อารมณ์ประมาณเกล็ดหิมะแหละ 99 บาท ก็ถือว่าถูกอยู่ รสชาติก็อร่อย ไม่เลี่ยน พนักงานน่ารัก ดูเทคแคร์ลูกค้า,wongnai,0,
เอามาทำได้หมดทุกยี่ฮ้อแหละครับมีทั้งครัมมรี่ นิสสัน ฮอนด้าซีวิคเนี่ยผมเห็นตั้งแต่มีรุ่นซีวิคปี2010แล้วครับตอนนั้นผ่านมา7-7ปียังไม่เห็นจะมีข่าวเลยแล้วนี่อะไรกันผมเห็นจนเบื่อแล้วคือทำได้หมดครับแต่ต้องปรับมิเตอร์ให้ตรงกับมาตรตราฐานขนส่งครับ,wisesight,0,
ที่สงสัยยอด Revo ถึงแสนเลยเหรอตอนนี้บนถนนเห็นแต่ฟอร์ด 😊,wisesight,1,
“สิงห์” ระดม 2 แบรนด์ใหม่เจาะตลาดพรีเมี่ยม เขย่าตลาดเบียร์ 1.8 แสนล้านเดือด รับหน้าขาย ส่งเบียร์ “สโนวี่ฯ” พร้อมนำเข้า “โครเนนเบิร์ก” เจาะไลฟ์สไตล์คนรุ่นใหม่ คาดเปิดตัวราคาเบา ๆ 60 บาท ชนไฮเนเก้น/เบียร์นำเข้า,wisesight,0,
ซื้อมาลองอีก ตอนแลงหนิ 😂😂,wisesight,0,
อยากกินชีสเหมือนกัน5555,wisesight,0,
ป่ะคุณสา,wisesight,0,
"ร้านนี้อยู่ในฟูดคอทของโรงพยาบาลบำรุงราชฎร์ค่ะ อยู่ชั้นลอย 
ที่ฟูดคอทนี้ราคาค่อนข้างสูงค่ะ บางอย่างเท่าในโรงแรมเลย เช่นข้าวกระเพราไข่ดาว จานละ135บาท ข้าวผัดกุ้ง120บาทค่ะ ส่วนร้านข้าวแกงราคาไม่สูงมากเท่าอาหารตามสั่งค่ะ ราดข้าวรวมแล้ว50-80ค่ะ สั่งเป็นกับข้าวอย่างละ60-70ค่ะ รสชาติบางอย่างก็อร่อย บางอย่างก็พอทานได้ค่ะ เหมือนทั่วๆไป",wongnai,0,
คือผมสายฮาร์ดคอร์อยากได้แบบ4*4เกียร์ธรรมดาตัดออพชั่นสารพัดลงไห้ราคาพอๆกับนาวาร่า4*4เกียร์ธรรมดา แต่เชฟฯมีแต่ออโต้ตัวท๊อป,wisesight,0,
แอป shopee 20 ml เห็นขายอยู่ 389 น่าจะแท้นะคะเพราะเคยสั่งยูเซอรีนมาใช้แท้อยู่คะ,wisesight,0,
ไม่ใด้ครับรายใด้หลักเค้ามาจากตรงนี้,wisesight,0,
จิบเบียร์ช้างเพิ่มความลงตัวในทุกรสชาติร่วมกับเมนูโปรดแลฟินกับรูม39ด้วย,wisesight,0,
ร้านอาหารญี่ปุ่น. แบบเน้นความอร่อยจากความสดของวัตถุดิบ  แบบในการ์ตูนทำอาหานที่ได้อ่านๆกันมานั่นแหละ. กะหลึ่าปลีซอยที่นี่อร่อยที่สุด. ปลามาคุโร่สดๆ. ไม่แช่แข็ง. อร่อยมากก. พวกปลาแช่แข็งสู้ไม่ได้เลยจริงๆ. ขอให้มาลอง. #แต่วันนี้ของหมดอดกิน,wongnai,0,
"อันนี้กินรอบที่เท่าไหร่ไม่รู้ที่สาขาปิ่นเกล้า

ครั้งแรกที่ทานสาขาเดอะมอลท่าพระ รู้สึกว่าครั้งแรกอร่อยที่สุดแล้วนะ ใส่เครื่องจัดหนักจัดเต็ม ชีสเป็นชีส แต่เดี๋ยวนี้ไม่ค่อยเหมือนเดิม กินไปกินมาก็เฉยๆเลยนะ ความรู้สึกแตกต่างจากครั้งแรกที่ทานมาก????",wongnai,0,
เมียมึงแดกช้างไอ้สัส,wisesight,X,
"ชวนเด็กๆมาทานไก่ เพื่อสนองความต้องการของตัวเอง อยากช็อปด้วย แต่เดินคนเดวมันไม่มันส์
มหกรรมเลี้ยงไก่หลานๆจึงเกิดขึ้น
จัดชุดจุใจ 299 + 99฿เพิ่มไก่อีก4ชิ้น
คุ้มมากขอบอก อยากรุ้ชิมิว่าทานกี่คน
เด็กโต2 ผญ.1 เด็กเล็ก1 ถามว่าหมดมั้ย??
หมดคร่า ก้อไก่กรอบๆ.หอมๆ กรอบนอกนุ่มในเนื้อแน่น อร่อยแบบนี้หลงรักแบรนด์ไก่ทอด
แบรนด์นี้ตั้งแต่เด็กยันผู้ใหญ่เลยคร่า",wongnai,0,
ร้านอยู่ในซอยราม 164 เข้าไปเลยแยกแรกทางซ้ายมือไปอีกนิด ร้านอยู่ริมถนนด้านซ้ายมือ จอดรถริมถนน (แล้วแต่ดวงล่ะครับ) ร้านแต่งเหมือนแหล่งความรู้เรื่องกาแฟ มี free wifi ร้านมีกลิ่นหอมของกาแฟกรุ่นๆ ชอบครับ กาแฟวันนี้สั่งลาเต้ ส่วนตัวผมชอบนะ รสนุ่มไม่ต่างจากตาบัค ราคาเพียง 55 บาท ผมว่าโอเคนะ แพงกว่านี้ก็จะเกินงบ,wongnai,0,
ร้านนี้รุ่นพี่ปลื้ม จึงพามาทาน เจ้าของร้านคนญี่ปุ่น ร้านตกแต่งสวย บรรยากาศดี มี2ชั้น ชั้นบนเป็นโอเพ้นแอร์ ในร้านคึกคักน้องพนักงานตะโกนต้อนรับอย่างต่อเนื้อ อาหารที่สั่งพวกย่างๆทั้งหลาย ไข่ม้วน ยากิโซบะ แคลิฟอเนียโรล พิซซ่า จัดว่าอร่อยเลย แต่บางอย่างอาจเค็มไปนิด ของหวานอร่อยดี ราคาตามคุณภาพนะ น้องๆบริการดีนอบน้อมแจ่มใส ใส่ขาสั้นทุกคนเบย ยกเว้นผุ้ช.,wongnai,0,
ร้านหมูสองชั้นสาขาทิพยเนตร ราคาบุฟเฟ่ต์รวมเครื่องดื่ม 189.- บาท มีของสดเยอะแยะมากมาย ทีเด็ดใส้ต้มไม่คาวไม่ขม หมูสันคอสไลด์ เนื้อนุ่ม จุ่มซอสพอลซึสูตรพิเศษของทางร้าน อร่อยลงตัว ของว่างเป็นไอศรีมไอเฟรช มะม่วง ชาเขียว ชาเย็น ก็ดีค่ะ,wongnai,0,
"ร้านกระเพราเป็ดชื่อดังของชลบุรีตั้งอยู่ใกล้ตลาดไฟฟ้า ,, ที่เลื่องชื่อไม่ใช่เพราะอาหารอร่อยเพียงอย่างเดียว แต่ความเยอะของเงื่อนไขในการนั่งโต๊ะ การสั่งอาหาร และเจ้าของร้าน แต่ส่วนตัวจากที่เคยกินเมื่อประมาณ2ปีที่แล้วสัมผัสได้ว่าเจ้าของร้านดูซอฟลง ทำให้บรรยากาศในการกินนั้นไม่ตึงเครียด เข้าเรื่องอาหาร มาร้านนี้เมนูที่ต้องสั่งไม่พ้นกระเพราเป็ดไข่ดาว ได้เนื้อเป็ดเน้นๆ",wongnai,0,
ขอไก่ตัวนะ,wisesight,0,
ผัดน้ำเพรา แยกกระมัน เอ้ย,wisesight,0,
กุหิวแล้วว555555,wisesight,0,
มากินอาหารที่นี่ครั้งนี้เป็นครั้งที่สอง รสชาติยังคงอร่อยรสจัดเผ็ดสะใจเหมือนเดิม ครั้งนี้ลองสั่งมา 3-4 อย่างเพราะมาแค่ 2-3 คน กลัวจะกินไม่หมด ที่สั่งมีแกงส้มไข่ปลาริวกิว เนื้อปูผัดผงกะหรี่ ตับปลาทูทอดกระเทียม สรุปอร่อยทุกจาน ที่สำคัญคือราคาเป็นกันเองไม่แพงเลย แนะนำค่ะ...ต้องมาลองถึงจะรุ้!!!,wongnai,0,
ร้านอาหารสไตล์ภาคเหนือ ถ้าไม่เคยลองไม่ควรพลาด เรากินเห็ดเผาะครั้งแรกก็ร้านเน้ หลายๆเมนู ครั้งแรกร้านนี้หมดเลย มาเดินช็อบปิ้ง พอหิวก็จัดเลยจ้า อาหารสั่งแล้วรอไม่นาน พนักงานบริการดี บรรยากาศในร้านตกแต่งสไตล์ล้านนา,wongnai,0,
ร้านอาหารนี้ตั้งอยู่ติดถนนใหญ่ ก่อนถึงพุทธมณฑลสาย 5 ขาออก ร้านดูดี ห้องแอร์เย็นสบาย มีก๋วยเตี๋ยว อาหารตามสั่ง กาแฟสด ราคาไม่แพง มีอาหารแบบเป็นเซ็ตด้วย สามารถจอดรถข้างทางได้ เปิดเพลงชิว ๆ สไตล์ร้านกาแฟ ใครผ่านไปมาอย่าลืมแวะทานครับ,wongnai,0,
ไม่น่าถามนะ😁,wisesight,X,
เอาบาบีก้อนภูเก็ตคืนมา,wisesight,0,
เห็นเปิดใหม่ ก๋วยเตี๋ยวเรือเมย์ ร้านน่านั่งแต่งร้านดี แต่ไม่เห็นมีลูกค้า คงเริ่มใหม่ แต่พอสั่งไป และกากหมู ไม่กรอบหืนไป. ผักบุ้งลวกแอบแพงนะ 15 บาทถ้วยนิดเดียว จริงๆรสชาติอร่อย แต่พอน้ำก๋วยเตี๋ยวไม่ร้อนจัด เลยจบเลยค่ะ หน้าตาดีอยู่ เดี๋ยวจะกลับไปลองใหม่อีกทีคงจะร้อนแล้วนะ น้ำก๋วยเตี๋ยวอ่ะคะ,wongnai,0,
ไปจ้าอาทิตหน้าเลย,wisesight,0,
ต้องสั่งเบียร์ช้างกี่ขวดถึงจะได้เธอมานั่งด้วย ว้ายๆ 😉,wisesight,X,
"ขับรถไปสันกำแพงเมื่อไรเป็นต้องแวะที่กาดเจริญ เจริญหาของกิน และหนึ่งในนั้นก็เป็นร้าน""ปัง..อินดี้""นี่แหละที่หยิบจับง่ายเพียงชิ้นละ20บาทมีให้เลือกหลากหลายรสชาติ แถมอบกันสดๆชนิดว่าพึ่งออกจากเตากันมาเลยส่วนตัวลองมาหลานรสชาติก็ผ่านหมดทุกเมนูนะครับ ไปเที่ยวหาเพื่อนฝูง,ญาติผู้ใหญ่ก็คละรสไปเป็นของฝากได้ง่ายดีครับ",wongnai,0,
เปลี้ยวข้าหั่นศพ ไม่เห็นใส่กุญเจมือเลย อันนี้แค่มีบุหรี่ไฟฟ้า จัดหนักเลย,wisesight,1,
ร้านหาง่าย พออกจากนอร์ทปาร์คไปทางธุรกิจบัณฑิต เลยวงเวียนจะอยู่ด้านซ้าย มีที่จอดรถแต่น้อยไปนิด ที่นั่งมีแบบ Outdoor และแบบห้องแอร์ อาหารเน้นพวกผัดกระทะร้อน เช่นหอยทอด ขนมผักกาด ผัดไทย แต่หากจะทานอาหารตามสั่งก็มี สำหรับผัดไท เป็นสไตล์ผัดไทยห่อไข่ ให้จานใหญ่แต่ราคาก็ค่อนข้างสูง รสกลมกล่อมให้ผักเคียงเยอะ ที่ชอบอีกอย่างคือผัดแห้งไม่แฉะและเส้นก็ไม่แข็งด้วย,wongnai,0,
ไม่มีค่ะ,wisesight,0,
"แฟนชอบทานเนื้อเลยชวนมาค่ะ เค้าเคยมาทานแล้วติดใจ แต่เราไม่ทานเนื้อเลยทานอย่างอื่นแทน
แฟนบอกเนื้ออร่อยมาก เราซัดหมูไปแทน ชอบคอหมูย่างมากๆ ????
ร้านนี้ มีทั้งแบบบุฟเฟ่ห์และสั่งเอานะคะ น้ำจิ้มเด็ด ต้มแซ่บก็อร่อย บริการก็ดี เรียกเปลี่ยนเตาก็ไม่มีชักสีหน้า เลือกจะเอาเตาแยกต่อคนก็ได้ค่ะ สั่งแบบจิ้มจุ่มมาแจมก็ยังได้อีก อาจกลับบ้านหิวน้ำมากหน่อยนึง โดยรวมชอบค่ะ แนะนำเลยสำหรับคนชอบเนื้อ",wongnai,0,
ไปขับรีโว่เทียบดีแมก ตัดสินใจถอยรีโว่ทันที ทั้งที่ตอนแรกผมว่าดีแมกสวยกว่า 555,wisesight,0,
"อร่อยทุกอย่าง กระเพาะปลาชิ้นใหญ่เต็มคำเนื้อปูเยอะ เนื้อแพะไม่มีกลิ่นสาปเลยเนื้อนุ่มและหอมมาก ผัดหมี่ฮกเกี้ยนหอมมาก ออส่วนกรอบนอกนุ่มในใส่หอยนางรมเยอะ เป่าฮื้อเจี๋ยนก็อร่อย รสชาติดี
อาเจ็กเจ้าของร้านบริการดีมาก ใส่ใจลูกค้าดี ร้านตกแต่งสวยแบบสมัยใหม่และสะอาด ราคาไม่แพงเท่าร้านอาหารจีนอื่นๆ แต่รสชาติอร่อยแบบจีนแท้ๆเลย",wongnai,0,
"ชาเขียวร้อนหวานไปหน่อย แต่ก็พอทานได้
โรลวานิลลาไม่ค่อยอร่อย เนื้อเค้กแข็งไปนิด เคยทานวาฟเฟิลใช้ได้ค่ะ ร้านนี้ดีตรงฟรีwifiไม่มีการกดดันให้ลุก นั่งได้สบายๆ แอร์เย็นมีเพลงฟัง น้ำเปล่าฟรี พนักงานเกือบดีๆตรงที่มาเสริฟของถึงที่",wongnai,0,
ร้านติ่มซำที่เปิดตลอด 24 ชม หิวเวลาไหนก็แวะมาได้  ราวกับเซเว่น อีเลเว่น  เราจะต้องเดินไปเลือกที่ตู้กระจกก่อนว่าจะกินอะไร  จากนั้นพนักงานจะเอามาเสิร์ฟให้  ติ่มซำก็มีหลากหลายอุ่นมาร้อนๆ ราคาถือว่าไม่แพงมากกำลังดี  บะกุเต๋ รสชาติใช้ได้  แต่หักคะแนนในเรื่องของความน่ากินของอาหารไปหน่อย,wongnai,0,
ปรกติเป็นคนชอบทานข้าวหน้าแกงกะหรี่หมูทอดมาก เพราะทานง่ายและส่วนใหญ่รสชาติก็ไม่หนีกันมาก แต่ของร้าน OMU นี้ต้องขอบอกว่ารสชาติแปลกๆตรงน้ำแกงกะหรี่นี่แหละครับ รู้สึกว่ารสชาติมันจัดจ้านเกินไป ทานแล้วแสบคอ เป็นครั้งแรกและครั้งเดียวที่ผมทานแกงกะหรี่ไม่หมดนะเนี่ย ลองดูเนื้อและสีของแกงกะหรี่จากภาพดูสิครับ ดูมันแปลกๆนะ,wongnai,0,
"วันนี้มาทานอาหารญี่ปุ่นร้านประจำ 

ที่ผมประทับใจสุด อาจเป็นแค่เหตุผลง่ายๆคือชาเขียวที่นี่ฟรีแต่หอมมากๆๆ กลิ่นเหมือนข้าวญี่ปุ่นผสมมาด้วย 

วันนี้มาทานเมนูหมูสับราดซอสอะไรซักอย่างเป็นเมนูแนะนำแจ่เพิ่งลองทานวันแรกแต่ผมยังไม่ค่อยประทับใจมาก หมูเนื้อหยาบ ไปหน่อย แต่รสชาติซอสโอเค ราคาเมนูนี้ก็แพงกว่าเมนูอื่นๆด้วยเลยยังไม่ค่อยชอบมากครับ",wongnai,0,
"..ราดหน้า ผัดซีิ๊อิ๊ว เฮียเล้ง 60 ปี
....ร้านเก่าแก่คู่เมืองชลมายาวนาน ขายกันมาตั้งแต่รุ่นเตี่ย สมัยก่อนผัดกันบนรถเข็น 3 ล้อ ห่อด้วยใบตองผูกเชือกกระสอบ หิ้วกลับบ้านน้ำราดหน้าหยดเป็นทาง...555
....ปัจจุบันรสชาดก็ยังเหมือน เดิม ขายตั้งแต่ 1 ทุ่มไปถึงเที่ยงคืนโดยประมาณ ราคา 30-35 บ. (หมูอย่างเดียว) จอดรถได้ฝั่งเดียว วันคู่วันคี่",wongnai,0,
ชอบ Honda Civic เพราะมันคล่องตัวและกว้างเหมาะกับการใช้งาน Eveeve Eve แกไปดูกะชั้นนะ #ฮอนด้าที่รัก #EnjoyHondaThailand,wisesight,0,
เป็นร้านหนึ่งที่มาทานเป็นประจำ สำหรับบิงซู ชีวต ชีวา อาจเป็นเพราะว่ารสชาติถูกปากคนไทย อร่อยกว่าที่เกาหลีอีกนะ! ราคาไม่แพง เอื้อมถึงสบายๆ ตอนนี้มี 2สาขา แถวๆซอยกรรไกรทอง ศิริมังคลาจารย์ และเปิดใหม่ ที่ Nim city อีกหนึ่งสาขา แนะนำว่าควรไปลองซักครั้งแล้วจะติดใจ ????,wongnai,0,
กุ้งสด ก็ไม่มี ราคานี้ชาบูที่แบรนด์ไม่ดังก็ยังมี เป็นบุฟเฟ่ต์นานาชาติ แต่ชาติไหนๆเค้าก็มีกุ้งสดกัน ควรปรับปรุงค่ะ,wisesight,0,
น้องอิ้งอยากกินนนนนนน 🤤,wisesight,0,
"จบลงร้านนี้ทุกครั้งที่มาทำฟัน แต่ถึงจะไม่ทำฟันก็กินค่ะ 
อาหารตามสั่งและก๋วยเตี๋ยวแบบง่ายๆ ราคาก็แสนจะธรรมดา พิกัดร้านก็หาได้ไม่ยากเลยค่ะ ถ้าคนแถวโชคชัย4 คงรู้ เพราะเดินตากร้านส้มตำซัดดำ 50 เมตรก็ถึงแล้ว",wongnai,,
ขายดีมากร้านนี้  บางวันแวะไปซื้อตอน 9 โมงเช้า ไก่ทอดหมดและ แต่ถึงอย่างงั้น ไก่ต้มก็ไม่ทำให้ผิดหวังเช่นกัน  ร้านนี้เค้าให้ไก่สับมาชิ้นหนาๆไม่มีตบ  รสชาติน้ำจิ้มก็อร่อยเข้มข้นดี  ส่วนตัวน้ำซุป รสชาติดี หอมหวาน  คือ ถ้าอยากกินข้าวมันไก่เมื่อไหร่  ส่วนใหญ่จะแวะมาร้านนี้เสมอ  แนะนำให้มาลอง ไม่ผิดหวังแน่นอน,wongnai,,
รีโว่แค็ป ราคา9แสนกว่าเลยหรอคับ,wisesight,,
หิวมื้อดึก หาอะไรทานใกล้ๆบ้าน ร้านตั้งอยู่ระหว่างซอยประชาสงค์เคราะห์ 25/1 กับซอยประชาสงค์เคราห์ 23 มีโต๊ะให้นั่งทานพอสมควรค่ะ ร้านสะอาด วันนี้สั่งราดหน้าเส้นหมี่ 1 ถุง กะเพราหมู 1 ถุง ผัดซีอิ๊วเส้นใหญ่ 1 ถุง สั่งกลับไปทานที่บ้าน ทั้งหมดราคา 120 บาทค่ะ ได้ลองทานแค่ผัดซีอิ๊วเส้นใหญ่ค่ะ เส้นนุ่มมาก รสชาติอร่อยดีค่ะ ส่วนอีก 2 อย่างเป็นของพี่ชายค่ะ,wongnai,,
ข้าวมันไก่รสชาติดีนะครับ ข้าวแห้งไปนิดนึง น้ำจิ้มเข้มข้นเผ็ดใช้ได้ ถ้าต้องการเผ็ดมากก็เติมพริกเติมขิงได้อีกครับ ราคาก็สมกับคุณภาพนะครับ แต่แนะนำให้มากินตอนกลางคืนครับ คนขายคนละคน ให้เยอะไม่หวงไก่ ไม่มีตบไก่ให้แบนให้เสียอารมณ์,wongnai,,
ลดพิเศษเเต่ของน้อยไม่ค่อยเติม,wisesight,,
"ร้านหมูกรอบรสเด็ดของภูเก็ต ร้านนี้มีหลายเมนูให้เลือกเช่น ข้าวหมูแดง, ข้าวมันไก่, ข้าวหมูกรอบและข้าวขาหมู และทีเด็ดที่แนะนำก็คือข้าวขาหมูที่เนื้อหมูนุ่มมาก ขาหมูถูกตุ๋นมาเป็นเวลานาน ทำให้หมูนุ่มสุดๆ หนังหมูก็ลื่นมากแทบไม่ต้องแคี้ยวเลย  ร้านอยู่ถนนวิชิตสงคราม ตรงมาจากตลาดย่านหล่อโรง เจอสามแยกให้ตรงไปเรื่อยๆ ร้านอยู่ทางขวามือ",wongnai,,
ร้านนี้ชอบมากๆกับการตกแต่งร้านที่เป็นของเก่าสไตล์บ้านบ้านทำให้หวนรำลึกถึงสมัยเด็กที่เคยกินร้านก๋วยเตี๋ยวในหมู่บ้านที่เป็นร้านบันบ้านพื้นเป็นดินเป็นโต๊ะไม้เก่าเก่าในฟิวเดียวกันเลยส่วนเมนูอาหารก็จะเป็นเมนูก๋วยเตี๋ยวและเมนูข้าวเมนูข้าวมีเป็นเมนูประจำวันวันที่มาเป็นเมนูข้าวหมูอบรสชาติพอทานได้ถูกใจการตกแต่งร้านที่สวยเรียบง่ายและคุณป้าเจ้าของร้านที่เป็นกันเอง,wongnai,,
เป็นร้านอาหารชายทะเล  มีอาหารทะเลสดๆให้กินทุกวัน ทั้ง ปู ปลา กุ้ง หอยและปูทะเล เจ้าของร้านก็เป็นชาวประมง จึงมีเรือไว้บริการถ้าต้องการออกไปชมพระอาทิตย์ตกกลางทะเล หรือกลางวันในช่วงที่วาฬบูลด้าขึ้นก็สามรถจองไว้เพื่ออกไปกลางทะเลได้,wongnai,,
"ต้มเลือดหมูทานเช้าๆทำไมมันอร่อยอย่างนี้ 
ร้านนี้บริการต้มเลือดหมูกับข้าวขาหมู รสชาดถือว่าโอเลยนะ ทานกับข้าวสวยร้อนๆเข้ากันดีครับ สำหรับขาหมู ก้อโอล่ะแต่เข้มข้นน้อยไปนิด อ้อที่นี่จะติดกับร้านเนื้อตุ๋น หาไม่ยากนะครับ ลองมาชิมดูนะครับ",wongnai,,
ร้านตามสั่ง ที่เครื่องดีงาม ก้ามปูเป็นก้ามปู กุ้งตัวโตมว้าก จานเด็ดคือ กะเพรากรรเชียงปู และกุ้งกระเทียม จะสั่งเป็นราดข้าว หรือจานเดียวก้อมีให้เลือก ดูรูปแล้วจะพูดว่า สมราคามาก เสียตรงที่ ต้องเล็งหาที่จอดรถให้ดี และป้าแกทำคนเดียว ฉะนั้นอย่าใจร้อนนะฮาฟ,wongnai,,
"เดินผ่านเเล้วต้องสะดุดกับเมนูมะม่วงที่หลากหลาย รีบดิ่งไปชิมเลยคะ 
เราสั่งเมนู inside out size เล็ก 60 บาท
เป็นน้ำทะม่วงปั่น กับน้ำกะทิ เเละ ข้าวเหนียวมูล 
น้ำมะม่วงก็โอเค เเต่น้ำกะทิคือเฟล จืดๆไม่เข้มจ้นเลยอะคะ ข้าวเหนียวมูลก็แข็งมากกกกก",wongnai,,
ขี่เเลมโบกินี้กูจะไมว่าซักคำเรยเเค่ยาริสทำมะดารดบ้านผมยังแพงกว่าอีกป้านิสัยเเบบนี้เลิกซะ,wisesight,,
ร้านสเต็กที่ปรุงเนื้อได้อร่อย ตัวซอสเด่นมากๆ โดยเฉพาะเมนูสเต็กอกเป็ดราดซอสส้ม ตัวซอสส้มเข้ากับเนื้อเป็ดได้ดีมาก ส่วนสเต็กพอคชอปตัวเนื้อหมูแบบมีเดียมเข้ากับซอสBBQรสจัดนิดๆ เมนูประทับใจคือสลัดซีฟูด น้ำสลัดเผ็ดนิดเข้ากับซีฟูดได้ดี เยี่ยมยอดจริงๆ,wongnai,,
มีสรุปสั้นๆอ่านเม้นเอา,wisesight,,
เป็นธรรมดาที่ร้านอาหารไทยในโรงแรมรสชาติจะไม่เผ็ดถูกใจคนไทย ที่ร้านนี้ก็เช่นกัน ถึงรสชาติจะไม่เผ็ดมาก แต่ก็กลมกล่อม ส้มตำไทยรสเผ็ดนิดหน่อย ออกหวานนิดๆ ทอดมันปลากรายเนื้อเหนียวนุ่ม ปั้นมาเป็นรูปปลา ดูดีมาก ยำส้มโอรสชาติดีมาก กุ้งตัวเบิ้ม ตามแบบฉบับโรงแรมห้าดาว,wongnai,,
หิวอีกแล้นน,wisesight,,
สยามวัน ทำป้าย Directory ของกินล้วนๆเรียบร้อย เพื่อการหาร้านง่ายขึ้น อย่างน้อยรู้ชั้นละ ไม่ต้องเดินวนผิดชั้น หลังจากนี้ก็เดินหานะจ๊ะ (ผังห้างเป็นแบบวน ยังไงก็เจอ) --- ก็คือมี 7 ชั้น มีร้านชานมไข่มุกไปสัก 5 ชั้น สมกับเป็นห้างชานมไข่มุกจริงๆ ทุกแบรนด์ดังรวมที่นี่ไว้เรียบร้อย,wisesight,,
"ระหว่างทางกลับบ้าน เดินผ่านร้าน เลยแวะซะหน่อย ได้น้ำผักดื่มแก้เหนื่อย ""Fresh Morning Boost"" ราคา 55 บาท รสชาติออกเปรี้ยวนิด หวานหน่อย แต่ที่เด่นคือกลิ่นขึ้นช่ายแตะจมูกเชียว สมชื่อเค้าล่ะ ขนาดดื่มตอนเย็นสดชื่นเหมือนตอนเช้า เสียดายน้อยไปหน่อย หมดก่อนถึง BTS",wongnai,,
"เหมาะสำหรับมานั่งพักจิบน้ำชายามบ่ายชิลล์ๆ ด้านในร้านอาหารมีที่จอดรถประมาณ 10คัน สามารถจอดริมถนนได้อีก 

ราคาถือว่าแพงไปหน่อย เค้กชิ้นละ 125บาท ชิ้นค่อนข้างเล็ก

ส่วนกาแฟ ไม่แนะนำ กาแฟไม่ค่อยดีเท่าไหร ที่ร้านไม่มีน้ำเปล่าบริการฟรี",wongnai,,
ร้านอยู่ใน food villa2 ซอยทองหล่อ 13คนละส่วนอาคารกับ food villa พอถึงเวลาเที่ยงในหน่อยมีคนเข้ามาใช้บริการค่อนข้างเยอะราคาไม่แรงคุณภาพใช้ได้เลือกความเผ็ดระดับ3 รองสูงสุดแต่พริกญี่ปุ่นไม่เผ็ดเลยรสชาติอาหารเหมือนราเมงทั่วๆไป,wongnai,,
อายุไม่เกิน12ปี ความสูงมันก็ต้องเกิน130 อยู่แล้วป่ะค่ะ ถ้าจะให้เด็กฟรีไม่ควรจำกัดความสูง,wisesight,,
"อันดามันซีฟู๊ด โฉมใหม่ บุฟเฟ่ต์อาหารทะเลอร่อยๆ กับเมนู 200 กว่ารายการ และ สลัดผักสดๆ พร้อมน้ำสลัดอร่อยๆ ให้เลือกหลากหลาย ครีมซุป และสปาเก็ตตี้ สำหรับคุณหนูๆ ไม่อั้น ไม่จำกัดเวลา 
เพียงท่านละ 249฿ กับโปรสุดคุ้มมา 4 จ่าย 3 
พร้อมความบันเทิงครบครัน ห้องคาราโอเกะ ห้องจัดเลี้ยง ห้องสัมมนา ที่รองรับ ได้ 10 - 40 ท่าน
ภายในร้านสามารถรองรับลูกค้าได้ 500 ท่าน",wongnai,,
"coffee world สาขานี้ตั้งอยู่ที่ lotus sukumvit50 บริเวณชั้น2 ติดบันไดเลื่อน และร้านชานมcoco เห็นหน้าร้านเล็กๆ แต่บริเวณด้านในมีมุมเลี้ยวเข้าไปได้อีก ซึ่งทำให้บริเวณด้านในเงียบดีครับ นั่งพักได้สบายๆเลย 

วันนี้สั่งคาราเมลแมคริอาโต้ ใช้ดีแทคลดราคาเหลือแต่ประมาณ 40 บาทเองครับ รสชาติใช้ได้ กาแฟเข้มดี หอมอร่อย คาราเมลหวานนุ่มอร่อย ราคาดี รสชาติโอเค ผ่านครับ",wongnai,,
เอางี้ถ้าคนขับนาวาร่าขอโทษป้าที่จอดขวางหน้าบ้าน แล้วโซเชียลจะไม่ประมานเธอไหม ถ้าเปรมชัยขอโทษที่ล่าเสือดำ แล้วทุกคนจะเลิกด่าเปรมชัยไหม คนทุกคนทำอะไรไว้ก็ต้องรับผลกรรมนั้น จะมางอแงว่าขอโทษแล้วจบ พอห้ามด่านะ ? ตอนทีตัวเองไปใส่ร้ายเขารัวๆ พอเขาเตือนเคยหยุดไหม ถามหมายศาลในมือดู,wisesight,,
"ร้านบ้านๆ ชิวๆ ถ้อยทีถ้อยอาศัย ไม่ได้ทำเอารวย
แต่เน้นทำอาหารพื้นบ้านด้วยใจรักของคุณแม่ (ป้าณี) ขอแนะนำเมนูที่ไม่ควรพลาดนะครับ^___^

-สะตอกะปิกุ้ง
-หน่อเหรียงผัดเผ็ดหมู
-ยอดเหลียงผัดไข่
-แกงส้ม
-แกงพริกซี่โครงหมู
-น้ำพริกผักสด

อื่นๆเหมือนร้านทั่วๆไปครับ",wongnai,,
ร้านบะหมี่ไข่รสชาติดีแถวเอกมัย ทีเด็ดอยู่ที่น้ำซุปหมูสับที่ทานคู่กัน ร้านเปิดช่วงกลางคืน บะหมี่แห้งหมูแดงใส่ไข่อร่อยมาก แต่ถ้าเทียบกับราคาและปริมาณ ก็ยังถือว่าอยู่ในราคาที่สูงพอสมควร ต้องเข้าไปจอดรถในซอย เดินไม่ไกลมาก,wongnai,,
เป็นร้านที่หาง่ายขับไปทางเส้นน้ำโท้งร้านจะอยู่แยกไฟแดงพอดี(แยกไปแจ้ซ้อน)ร้านไม่ใหญ่มากติดริมถนนมีก๋วยเตี๋ยวและลวกจิ้มราคาไม่แพงให้เยอะมาหิวๆจัดไป1ถ้วยแน่นมากเนื้อลวกก็นุ่มไม่้เหนียวเคี้ยวสบายมีผักสดและน้ำบริการฟรี ที่จอดรถจอดตามข้างทางถ้ามาช่วยคนเยอะก็จอดไกลหน่อย,wongnai,,
นานทีจะได้เจอร้านโดนใจทั้งสไตล์การตกแต่ง ดนตรี รสชาติเครื่องดื่มและบริการ เสียดายที่มีเวลาไม่มากค่ะ ออเดอร์โมฮีโต้เพียงรายการเดียว สูตรของที่นี่จัดว่าหนัก เรียกว่าเข้มข้นเลยดีกว่า (ถูกใจมากนะคะ) รสเปรี้ยวเบา ๆ จากมะนาว กลิ่นมินต์หอม ดื่มแล้วรู้สึกสดชื่น ประกอบบรรยากาศโล่งโปร่งสบายของร้านและเสียงดนตรีแจ๊ส ไม่อยากไปไหนอีกเลย,wongnai,,
ร้านส้มตำแซ่บๆ ปูปลาร้าจัดเต็ม แต่ขอตินิดว่าส้มตำมือไม่ค่อยนิ่ง มาแต่ละครั้งรสชาติไม่ค่อยเหมือนกัน แต่ใครที่อยากหลีกหนีรสชาติแบบภาคกลางที่เน้นเปรี้ยวหวานมาลองร้านนี้ได้ ไส้ย่างกับเนื้อย่างติดมันก็กมักได้ดีแต่เนื้อที่สั่งต้องลุ้นกันจานต่อจานเพราะบางจานก็เนื้อนุ่มบางจานก็เหนียวจนเคี้ยวไม่ได้ ส่วนอีกรายการที่อยากแนะนำก็คือปลาเผา แต่ไม่ได้มีขายทุกวันมีแค่บางวัน ภาพรวมOK,wongnai,,
ถูกหวยงวดนี้จะเลี้ยง 555,wisesight,,
555555ใชาอ้อ,wisesight,,
ชอบ Honda jazz ขนาดรถเหมาะกับสาวๆ อย่างเรา กระทัดรัด ประหยัดน้ำมัน ราคาไม่แพงมาก จะไปไหนก็สะดวก คล่องตัว #ฮอนด้าที่รัก #EnjoyHondaThailand,wisesight,,
"ร้านดังของลำปางเลยครับ ถ้าผ่านแล้วไม่แวะถือว่าผิด ร้านใหญ่โต รับรองลูกค้าได้เป็นร้อย
ถ้ามาตอนเที่ยงแทบจะไม่พอนั่งกันเลย ขายดีมากๆ เมนูแนะนำต้อง ขนมจีนที่ถูกจัดใส่กระจาดเล็กๆ ม้วนเป็นคำๆพอดีคำ มีน้ำขนมจีนหลายน้ำ น้ำเงี้ยว แกงเขียวหวาน เผ็ด น้ำยา น้ำพริก จบท้ายด้วยปอเปี๊ยะญวน อิ่มสุดๆครับ",wongnai,,
ตอบแทนแอดคับ มันโหลดช้านิดนึงนะคับ ตอนนี้ยังลงชื่อได้ปกติ,wisesight,,
"กิน 599 บาท เดือนสองเดือนมากินที เที่ยวนี้วากิวโรสไม่ใช่วากิวโรสที่เคยกิน หั่นบาง เนื้อสีแดงไม่ใช่สีน้ำตาลเหมือนเมื่อก่อน เหนียว น้ำซอสไม่เข้าเนื้อไม่ฉ่ำ สิ้นหวัง คงพอกันแล้ว ปูอัดก็เปลี่ยนวัตถุดิบ แป้งเพียบ

อย่างอื่นที่สั่งมาโอเค ยังไม่ drop ลงเท่าวากิวโรส เสียดายครับ",wongnai,,
"มารตฐานเนื้อหมูยอ เนื้อแหนมเนือง น้ำจิ้ม ก็ผ่านนะคะ 
ไม่ได้แย่มาก พอทานได้ แต่แป้งแหนมเนืองที่แช่มาให้และเอามาวางไว้ในจานมันก็แข็งสิคะ 
รวมๆกับบริการที่เร่งรีบไม่ค่อยใส่ใจลูกค้า
เข้าใจนะคะว่าคนเยอะ 
ถ้ากลัวบริการไม่ทั่วถึงและคนเยอะก็ต้องบริหารงาน เพิ่มพนักงานหรืออะไรก็ตาม 
ลาขาดค่ะ ลาก่อน",wongnai,,
มีแสงโสมไม๊คับ,wisesight,,
พินาน่า lip lacquer ของนันดาพี่ว่าไง ดีมั้ยยย มันต่างกับของอีทูดี้ยังไงนอกจากชื่อแบรนด์อะคะ — คล้ายๆกันเลยค่ะแต่พี่…,wisesight,,
Mazda ยันไม่ทำรถเล็กกว่า Mazda 2,wisesight,,
มาตามรีวิววงใน ความนิยมอันดับหนึ่ง โรตี  ชาชัก ต้องร้านเตอบิลัง อยู่บนถนนคนเดิน@เกาะหลีเป๊ะ หน้าร้านคนรอทานเยอะ สั่งเลยชาชักเย็นตามป้าย ลีลาชักชาก้โอเคนะ แต่พอลองชิมรสชาด ชาเบาบางไม่เข้มข้น ไม่ได้กลิ่นหอมของชาเลย,wongnai,,
อร่อย อิ่ม ครบรส ที่ mk เท่านั้นคราบบ,wisesight,,
ร้านสวัสดิการที่นี่เมนูค่อนข้างหลากหลายกว่าอุทยานแห่งชาติ ส่วนใหญ่.    มีอาหารทะเลง่ายๆ อาหารตามสั่งทั่วไป และอาหารจานเดียวราคาไม่แพง (40บาท) ใครมานอนกางเต๊นท์หรือพักบ้านพักที่นี่สามารถฝากท้องได้เลย.  โดยไม่ต้องไปกินที่ตลาดประจวบ ที่ห่างไป 20 โล เมนูส่วนมาก ค่อนข้างอร่อย ใช้วัตถุดิบค่อนข้างสด.  กินไป 2 มื้อ 7 เมนู อร่อย 6 เมนู อีกเมนูคือยำวุ้นเส้น รสไม่ค่อยจัด โดยรวมผ่านสบายๆ,wongnai,,
"ร้านนี้รู้จักเพราะผิดหวังจากร้านปิ้งย่างติดๆกัน ตอนเดินผ่านรู้สึกว่าร้านสะอาดน่านั่งดี ร้านนี้น่าจะเน้น ชาบู มากกว่าเพราะ option อื่นๆมีแต่ shushi กิมจิ  อาหารที่นี่จะใส่กล่องพลาสติกแล้วแช่ตู้เย็นไว้ มีพนักงานเติมตลอดไม่ขาดตอน พอเริ่มอิ่มก็เริ่มสังเกต กล่องบรรจุเหมือนผ่านการใช้งานมาแล้ว ... ถ้าเป็น
กล่องพลาสติกใสตามรูปจะล้างด้วยวิธีใดหนอ ???",wongnai,,
อยากได้ภาษี อยากได้เงิน ไปหาเก็บส่วย พวกค้ายา เถอะ กินกันไปยาวๆเลย,wisesight,,
"หลังจากที่โดนยั่วโดยหลายๆ เว็บ หลายๆ ทวีต วันนี้ได้ไปลองของจริงซักที
Shibuya Honey Toast ของเค้าดีจริงๆ อย่างอื่นก็อร่อยดีครับ มีน้ำชาไว้ล้างปากฟรีๆ เพราะแต่ละอย่างนี่หวานเหลือเกิน
แล้วจะไปกินอีกแน่นอน แว่วข่าวมาว่าจะไปเปิดเพิ่มที่พารากอนด้วยฮะ",wongnai,,
กินทุกวันจนท้องเสียก็เพราะช้างนี่แหละ,wisesight,,
"พอดีจะหาร้านนั่งเม้าท์เพลินๆกับเพื่อน ไม่อยากทานอาหารหนัก อยากหม่ำของหวานมากกว่า เลยมาที่ร้าน Buttercup จ้า เพราะเห็นบรรยากาศน่านั่งดี ดูสว่างๆ สดใสๆ น่ารักดี

สั่ง pancake with fresh มาทานจ้า ราคา 180 บาทแหน่ะ จะเป็นแพนเค้กชิ้นเล็กๆ ประมาณ 3 ชิ้น มีผลไม้สดมาให้พอประมาณ แล้วราดด้วยไซรัป แป้งแพนเค้กไม่ได้นิ่มมาก แต่ก็ไม่ได้ร่วนจนเกินไป ผลไม้สดใช้ได้ โดยรวมโอเค แต่ไม่ได้อร่อยจนฟินมากมายจ้า",wongnai,,
ร้านนครบะหมี่อยู่บริเวณโรงหนังเก่า ทางเข้าอยู่ตรงข้ามชาบูอินดี้ มีขายหลายอย่าง บะหมี่ ข้าวหมูแดง ต้มเลือดหมู แต่ได้ลองกินบะหมี่เกี๊ยวแห้ง เส้นเป็นบะหมี่เปาะ นุ่ม หมู่แดงรสชาติดี เกี๊ยวแป้งไม่หน้า ใส้หมูสับปรุงรสมาดี แต่ผมไใชอบฮือก๊วย ธรรมดาเกินไป รวมรวมแล้วอร่อยดี กับขนมจีบ รสชาติดี มาลูกเล็กๆ ใส้คล้ายๆเกี๊ยวอยู่  กินแนมกับผักกาดหอมใช้ได้,wongnai,,
ร้านนี้เป็นร้านใหม่ก่อนเลี้ยวเข้าซอยนราธิวาส24 ใกล้กับthe up ภายในร้านสะอาด มีห้องแอร์และด้านนอก ที่จอดรถมีด้านข้างร้านและริมถนนด้านหน้า มีดนตรีสด แต่เสียงดังเกินไป และเล่นไม่เพราะ แต่ถ้าพูดถึงอาหาร รสชาติดีมาก และพนักงานน่ารัก ดูแลดี แกงฮังเลอร่อยมาก อยากให้มาลอง รสชาติกลมกล่อม กุ้งกระเบื้องกรอบและมีเนื้อกุ้งเห็นชัด ส่วนจิ้นก็ใช้ได้ สำหรับคนทานเนื้อน่าจะชอบ ครั้งหน้าจะกลับไปลองข้าวซอย :),wongnai,,
วันไหนนนน,wisesight,,
"ร้านตั้งอยู่บนอาคารอเนกวานิช บนชั้น3 ถ้าไม่สังเกตุจะไม่มีทางรู้เลยว่ามีร้านอาหารอยู่บนนี้
ร้านขนาดเท่ากับตึก2คูหา ตก ต่งแบบร้านอาหารจีนทั่วไป ไม่ได้หรูหราอะไร เมนูแนะนำ เป็ดปักกิ่ง เสี่ยวหลงเปา ราดหน้าเป็ด
รสชาดธรรมดา ราคารับได้ ไม่ได้แนะนำให้มาลอง แต่คนมาเรื่อยๆ",wongnai,,
คือมีแต่คนเลิกงานห้าโมงบาดนิ,wisesight,,
ร้านนี้คนเข้าร้านเรื่อยๆ ราคาก็ชิ้นละ 200 กว่าบาท เบอร์เกอร์อร่อย ให้เนื้อเยอะ แป้งมีหลายสี สามารถเลือกได้ สีเหลืองคือฟังทอง ตกแต่งร้านสวย ลูกค้าส่วนใหญ่เป็นคนฝรั่ง ไม่ค้อยมีคนไทยเลย ต้องลองซักครั้งในชีวิต,wongnai,,
ไปวันไหน ตอนเที่ยงเล่ยม้ะ,wisesight,,
ร้านหมูยกขา เป็นร้านอาหารร้านหนึ่งในศูนย์อาหารเจียงลูกชิ้นปลา พุทธมณฑลสาย3 มีทั้งที่ตั้งร้านอยู่ด้านนอกและด้านใน เมนูที่สั่ง คือ ข้าวหมูตุ๋น ราคา 60 บาท ข้าวหอมมะลิร้อนๆเสิร์ฟมาพร้อมกับซี่โครงหมูตุ๋น เป็นกระดูกอ่อนด้วยนะคะ รสชาติเค็มๆเผ็ดพริกไทยเล็กน้อย แต่น้ำมันเยอะไปนิดหน่อย รวมๆก็โอเคค่าา อร่อยดี,wongnai,,
"วันนี้มาลองกินตำถาดที่ร้านตำแหล ราคา 180฿/ถาด ราคาค่อนข้างสูงกว่าร้านที่ขายอาหารอีสานอีกหลายๆ ร้าน แต่ด้วยความที่ว่าเป็นร้านที่อยู่ในห้าง ถือว่าโอเค นั่งกินส้มตำตากแอร์ ช่วยลดความเผ็ดร้อนของส้มตำได้ดีทีเดียว 
ส่วนเรื่องรสชาตินั้นถือว่า แซ่บและนัวมาก เครื่องเคียงในถาดก็อร่อยไม่คาว แคปหมูอร่อยไม่เหม็นหืน ให้ผ่านนค่ะ อย่าลืมไปลองเมนูนี้กันนะคะ",wongnai,,
แนนมานี้มั้งม้าย,wisesight,,
โดยปกติ ชอบรับประทานอาหารเวียดนามอยู่แล้ว พอมีคนแนะนำมาทานร้านนี้ ยิ่งทำให้ติดใจในอาหารเวียดนามมากยิ่งขึ้นค่ะ แต่บอกก่อนเลยว่าร้านนี้รสชาติต่างๆอาจจะต่างกับรสชาติอาหารเวียดนามปกตินิดนึง เพราะสูตรของร้านนี้มาจากเมืองเว้โดยตรง อาหารจะออกแนวออริจินัล ไม่ได้ปรับแต่งให้เข้ากับปากคนไทยมากนัก อยากแนะนำให้เพื่อนๆมาลองทานดูค่า,wongnai,,
"ถึงร้านก่อนเที่ยงค่ะ แต่เห็นคนเงียบๆ ก็แอบแปลกใจนิดๆ ถึงหน้าร้าน น้องพนักงานแจ้งว่า อาหารขายได้เท่านี้นะคะ พร้อมชี้ไปที่กระดานไวท์บอดด้านหน้า น้องบอกว่า วันนี้ขายวันสุดท้ายแล้วค่ะ (29/2/59)

เราเลือกสั่งเมนูมา 3 อย่างจากที่น้องบอก มีส้มตำ เห็ดเข็มทอง และไก่ย่าง ข้าวเหนียว 

พนักงานยังบริการเหมือนปกติค่ะ รสชาติอาหาร การตกแต่งยังเหมือนเดิมค่ะ",wongnai,,
"ร้านน่ารัก ชาเขียวปั่นอร่อย รวมถึง matcha softcream (ไอศครีมชาเขียว) ด้วย 

สั่งเป็นเมนู waffle ก็อร่อย หวานกำลังดี เสิร์ฟพร้อม ไอศรีมชาเขียว ถั่วแดง วิปครีม และ แป้งกลมนิ่มหนุบหนับ 

ในตู้เค้ก ลองสั่ง Blueberry Cheesecake มาทาน ก็ผ่านค่ะ เนื้อชีสเนียน บลูเบอร์รี่ก็ไม่หวานเกิน",wongnai,,
หน้าทางเข้าปราสาทโอซาก้ามีแผงอาหารตั้งอยู่ค่ะ ขายอาหารเบสิคหลายอย่าง ทั้งยากิโซบะ ทาโกะยากิ ราเมง และไก่คาราอาเกะ ด้วยช่วงที่ไปเป็นช่วงหน่าหนาว ก็อยากทานอะไรร้อนๆ ค่ะ จัดไก่คาราอาเกะมาถ้วยนึง ร้อนๆ กรอบๆ ไก่ยังนุ่มด้านใน แต่ก็แอบอมน้ำมันนิดนึงค่ะ,wongnai,,
"Pizza to go ร้านพิซซ่าหน้าgourmet market  ชั้น 1โซนtake home ขายพิซซ่าหลากหลาย เน้นtake awayไม่มีที่นั่งทานซื้อกลับบ้านได้อย่างเดียว ที่น่าสนใจนอกจากพิซซ่าคือเมนูอื่นๆ วันนี้ ซื้อ ""ลาซานญ่า "" มีทั้งหมูและทะเล ทำเป็นแพ็คเรียบร้อยพร้อมซื้อกลับบ้าน (89) นำกลับบ้านมาอุ่นร้อนๆอีกรอบ รสชาดหอมมันชีสอร่อยใช้ได้เลย

พิซซ่าถาดสำเร็จรูป หน้าไส้กรอกเยอรมัน (99) อร่อยรวดเร็ว พิซซ่าอร่อยหน้าไส้กรอกแน่นเลย",wongnai,,
"ไปเกาะช้างมาช่วงสงกรานต์ คนเยอะมากกก และรอนานมาก มากกว่า3ชมในมือเย็น แต่สมกับที่รอคอย ปูกุ้งมาเน้นๆ ปกติเป็นคนชอบกินปูมากๆอยู่แล้ว แต่ไม่เคยกินปูตัวใหญ่และเนื้อเยอะเท่านี้มาก่อน มั่นใจว่าได้ครึ่งกิโล จนต้องนึกถึงปูที่เคยกินก่อนหน้าว่าต้องน้ำหนักไม่ถึงโลแน่ๆ 

รสชาติอาหารเด็ดทุกอย่าง ของสดใหม่ หอยนางรมคือต้องลอง ราคาไม่แพงมาก คุ้มค่าสมราคาค่ะ",wongnai,,
แวะหากาแฟแก้ง่วงเช้าๆ ที่ปั๊มปตท บายพาส ข้ามสะพานบ้านบึงกับพนัสนิคมมา ชิดซ้ายเข้าปั๊มเลย เคยกินมาบ้างแต่วันนึ้ไม่รู้เพราะอะไร พนักงานใหม่รึเปล่า กาแฟเข้มข้นกว่าอเมซอนร้านอื่นๆที่เคยกินมาเลยทีเดียว คราวหน้าจะแวะอีกแน่นอนเลย,wongnai,,
กูจะเมาฟูลมูนไม่ได้ไอสัส,wisesight,,
เอาตรงๆ คือ เราเคยไปหาหมอ แล้วจู่ๆ หมอก็จับนมโดยไม่บอก ก็สะดุ้งนะ แต่ก็เข้าใจว่า คลำหามะเร็งพอดีเป็นหมอผู้หญิงไง ไม่คลำเปล่าให้ถอดเสื้อหมดเลยด้วย เราว่ามันน่าจะเคสเดียวกันแต่นี่เสือกเป็นหมอผู้ชาย,wisesight,,
รอฟังผลการนำเสนอ,wisesight,,
"เมื่อวันที่ 9 ธันวาคม 55 ผมได้มีโอกาสใช้บริการร้านอาหารบัว เนื่องจากผมรับปริญญา ประทับใจมากกับบรรยากาศภายนอกและภายในร้าน รสชาติอาหาร การบริการ ญาติๆ เอ๋ยพร้อมกันคำเดียวว่า ""อาหารอร่อยมาก"" ส่วนเรื่องราคาญาติๆ และสายรหัสผมมาร่วมความยินดีทั้งหมด 17 ท่าน ทั้งหมดราคา 8,970 บาท แบบว่าสั่งกระจาย เเถมปิดท้ายด้วยขนมหวานเเสนหวานจริงๆ",wongnai,,
ร้านข้าวต้ม ที่มีหลายสาขาาาา เหมือนพี่มากขาาาาา หรือป่าวเนี่ยย อิอิ แต่ที่จะมาแนะนำ เราแนะนำสาขา 2 นะคะ แต่สาขาอื่นก็ยังไม่เคยไปชิม เหมือนกัน เลยเปรียบเทียบสาขาอื่นไม่ได้ 555 อาหารที่แนะนำเลยคือ ต้มซุปเปอร์ค่ะ อร่อยแซ่บสะใจมาก,wongnai,,
ไปๆๆกันครับ ว่างวันไหนบอกล่ะกัน,wisesight,,
มี มันลดยุพักนึงละ,wisesight,,
ชวนล่ะบ่มาาา,wisesight,,
ซัมซุงเขย่ามากๆระวังตัวกันกล้องสั่นพังนะ,wisesight,,
"ร้านนี้เป็นที่เลืองลือใน pantip.com มากถึงความอร่อยและราคาไม่แพง จรงิๆอยู่แถวบ้านเลยแต่ไปทีไรก็ปิดเทศกาลบ้าง หรือวันเสาร์บ้าง

จนล่าสุด โชคเข้าข้างซะที เลยจัดมาหลายเมนู ไม่ผิดหวังนะ ตั้งแต่เครื่องดื่ม เราสั่งน้ำผึ้งมะนาวไป ถูกปากดี 

อาหารที่ชอบคือยำไข่ปู ปลาเทโพผัดใบยี่หร่า ยำเนื้อโบราณ",wongnai,,
"บุฟเฟ่ 699 บาท ผู้หญิงลด15% อยู่น้าาา

วันที่ไปกินเป็น set B

unagi อูยย ชอบ แต่ก้างติดคอเลย เสียใจ

yukke เป็นแบบนำเรื้อ ละมีไข่กะแอปเปิ้ล เหย คือมันอร่อยย แต่ว่ามันคำใหญ่มาก หมดความสวยใดใด

เนื้อต้องเนื้อลายโอนลี่

ของหวานใดใดคือดีมาก panna cotta ที่ดีต่อใจและเยียวยาทุกสิ่ง บลูเบอรี่จะให้กลิ่นหอมชัดเจนสุด

โรลเค้กชาโคล มันยังมีความเรื้อแป้งหยาบอยู่",wongnai,,
"เส้นลวกนานไปหน่อยเลยออกเละๆค่ะ ส่วนน้ำซุบกลมกล่อมกำลังดีไม่ต้องปรุงเลย ราคาก็ 58 บาทค่ะ
เป็นเซตที่ basic ที่สุดละ ส่วนตัวแอบเหม็นหืนนิดนึง  ส่วนตัวไม่ค่อยชอบหมู slide แบบนี้เลยค่ะ เพราะมันมีมันติดมาด้วย",wongnai,,
ร้านอยู่ใกล้ๆกับรูปปั้นวัวในถนนวัวลาย เมื่อก่อนมีพื้นที่ไม่พอเจ้าของเลยเพิ่มเตนท์กับเก้าอี้ด้านบน(ข้างบนเป็นร้านคลังเครื่องเขียน แต่ปิดวันเสาร์นะคะ) ภายในร้านมีข้าวซอยไก่ข้าวซอยเนื้อ ขนมจีนน้ำเงี้ยวน้ำยา ต้องมาลองชิมล่ะ,wongnai,,
"ร้านข้าวมันไก่เก่าแก่ที่เทเวศน์ค่ะ ไปกินมาตั้งแต่เด็กๆ ชอบในทุกจุดเลย
- ไก่นุ่มๆไม่มีการตบแบน 
- ซุปเป็ดมะนาวดองเปรี้ยวๆซดคล่องคอ จะสั่งเป้นถ้วยเล็ก ถ้วยใหญ่มีหลายราคา 
- น้ำจิ้มเต้าเจี้ยวแบบเปรี้ยวๆเค็มๆ
- ข้าวมันนิดๆมีรสชาติกำลังดี

จะสั่งแบบจานเดียวหรือไก่แยกก็ได้เหมือนร้านทั่วไปค่ะ

ร้านนี้จะลำบากตรงที่หาที่จอดรถยาก เพราะอยู่ริมถนน และถ้าไปช้าก็หมดค่ะ อร่อย ขายดี^^",wongnai,,
"จะมานั่งอ่านหนังสือ..
หรือจะมาคุยงานกับเพื่อนก็ดีก็งามค่ะ

โต๊ะนั่งขนาดพอดีตัวเลย แสงสว่างก็สบายตา ????

ที่ๆนึงมีรูปลั๊กให้เสียบตั้ง 4 ช่อง!!!!
เสียบทั้งคอม ทั้ง iphone ทั้ง ipad ก็ยังเหลือๆ..

ราคาเรื่องดื่มก็สมเหตุสมผล
แนะนำตระกูล nishio matcha กับชาไทย รสกลมกล่อม อร่อยเลยแหละ!!

เบอเกอรี่ก็ลดราคาบ่อยๆ อร่อยดีด้วยนะคะ ????????",wongnai,,
อ่านจิ โหลดแอพ ละมีส่วนลดร้านนู่นนี่เต็มไปหมดเลยย มีบาบีก้อนด้วยย,wisesight,,
"เป็นร้านตกแต่งแนวทะเลแต่อยู่บริเวณคลองรังสิต 
อยู่ระหว่างทางไปโรงเรียนวัดลาดสนุ่นกับถนนฟ้าคราม
ตอนเย็นมีดนตรีสด
บรรยากาศใช้ได้ ชิล ๆ ค่อนข้างมียุง
พนักงานบ้าน ๆ เหมือนร้านหมูกระทะ
ราคาค่อนข้างแรง เนื่องจากความสดของอาหารที่ยังต้องปรับปรุง รสชาดการปรุงใช้ได้",wongnai,,
อย่าหือกะพี่ก้อนนะ พี่ก้อนโหดดด,wisesight,,
"นโยบายของพรรคอนาคตใหม่ อาจจะดูเหมือนการแก้แค้นคสช.และรัฐบาลทหาร แต่เชื่อเถอะว่าการล้างบางเผด็จการเป็นสิ่งที่จำเป็นต้องทำสำหรับประเทศนี้ คำพูดที่ว่า ""ประเทศไทยอยู่ในจุดที่ถ้าไม่แก้ไขปัญหาการเมือง ปัญหาอย่างอื่นจะแก้ไม่ได้เลย"" มันเป็นเรื่องจริง",wisesight,,
วันนี้มี la mer concentrate ขนาดเล็กมั้ยคะ,wisesight,,
บุคลากรเจ้าหน้าที่โรงพยาบาลพญาไท1ครับ,wisesight,,
เคยลองมาหลากหลายหน้าแล้วแต่ที่ดีที่สุดคือออริจินัลเท่านั้น เป็นโดนัทที่เรื่องมากเพราะทานเลยไม่อร่อยต้องเอาเข้าเวฟ8วิ มากกว่านั้นจะร้อนเหลว น้อยกว่านั้นก็ไม่ร้อนนุ่มพอ หน้าอื่นๆพอเข้าเวฟจะเยิ้มเละทำให้ดูไม่น่าทาน นานๆทานทีก็โอเคแต่บ่อยๆไม่ไหวจะถือ,wongnai,,
กิตติเป็ดย่าง เป็นร้านขายเป็ดย่างสารพัดเมนู ตั้งอยู่ริมถนนวิ่งตรงมาจากแยกแกแล็คซี่ บางแสนมาหน่อยจะเจอ 4 แยกแรกขับตรงมาอีกไม่เกิน 50 เมตรจะเจอป้ายร้านสีแดงเด่น ตั้งอยู่ด้านซ้ายมือเรา รสชาติเป็ดกับน้ำซอสก็อร่อยดีครับ แต่ข้าวจะแฉะไปนิดหน่อย ซุปกระดูกหมูก็กลมกล่อมเข้าถึงเครื่องยาดี ซดแก้ติดคอได้ชะงักนัก!!!,wongnai,,
ไม่ได้ทานร้านนี้มาได้พักใหญ่ๆแล้วครับ มารอบนี้เลยมาจัดขนมจีนน้ำเงี้ยว 35 บาท เท่านั้น ผักเติมฟรี แล้วแต่ใครอยากทานมาก ทานน้อย ไม่จำกัดเลย รสชาติของน้ำเงี้ยวอ่อนไปหน่อย ทานกับขนมจีนเลยยิ่งอ่อน ยิ่งโดนผักเข้าไปอีกยิ่งบางเข้าไปใหญ่เลยครับ,wongnai,,
"ร้านนี้เป็นร้านขึ้นชื่อแถวละแวกนี้เลยก็ว่าได้
หากจะให้แนะนะนำเมนู แน่นอนอยู่แล้วว่าไม่ควรลืมสั่งแหนมเนืองซึ่งหากินอร่อยยาก แหนมเนืองที่นี่มีผักแพ้ว สระแหน่ สลัด โหระพา ชีฝรั่ง หริก กระเทียม กล้วยดิบ มะม่วง แตงกวา

สิ่งโปรดบ้านเราอีกเมนูคือ ต้มแซ่บเนื้อน่องลาย มีเนื้อนืองลายแบบนี้อร่อยเว่อร์จริงๆ",wongnai,,
ยังอิ่มอยุ่ดูไปก็ไม่อยาก555,wisesight,,
หน้าร้านมีซุ้มขายข้าวราดแกงแล้วนะ แวะซื้อหรือแวะทานก็ได้ตามสะดวก กับข้าวก็มีไม่มากเราเลือกแกงส้มปลานิลกับลูกเขาคันราดข้าวมาทานระหว่างรอสเต็ก รสกลางๆไม่จัดจ้านะเท่าไหร่ ส่วนสเต็กหมูพริกไทยดำ เนื้อหมูแห้งมากไม่ถูกปากค่ะ,wongnai,,
"ร้านนี้มีสาขาอยู่ทั่วไทย รอบนี้ไปทานสาขาเมญ่าเชียงใหม่
ไปถึงประมาณทุ่มนิดๆ อาหารหมดหลายอย่างเลย สลัดก็หมด ข้าวปั้นก็หมด สั่งเกี๊ยวซ่ามา แป้งเหมือนไม่สุกหรือยังไงก็ไม่รู้ ไม่กรอบด้วย เหนียวๆ ไม่ประทับใจเลย แต่พนักงานสนใจดี ขออะไรได้เร็วตลอด",wongnai,,
กินนี่กินหมูป๋องดีกว่า,wisesight,,
ร้านนี้ราคาสูงพอสมควร แต่อร่อยทั้งของคาวและหวาน รอบนี้สั่งสปาเกตตี้หมึกดำผัดต้มยำ รสชาติจัดจ้านอร่อยมสก สปาเกตตี้คาโบนาร่าก็ครีมมี่หอมนมเนยเต็มที่ พิซซ่ากระเพราะไก่ไข่ดาวก็เหมือนกินผัดกระเพราจริงๆบนขนมปัง ของหวานก็อร่อย ไม่หวานมากเกินไป เค้กชอคโกแลตก็ได้รสชอคโกแลตเต็มๆ,wongnai,,
เสียใจด้วยเจ้ เพื่อนไม่กิน 285,wisesight,,
"ร้านข้าวต้มรอบดึก ริมถนนพัฒนาการ

ถ้ามาจากสี่แยกพัฒนาการ ร้านจะอยู่หัวมุมตึกแถว หน้าปากซอยถัดจากสถานีตำรวจ
ร้านเปิดค่ำๆถึงดึกๆครับ เมนูก็จะเป็นพวกอาหารที่กินกับข้าวต้ม เช่น หมูสับผัดหนำเลี๊ยบ ยำไข่เค็ม ผัดผักบุ้ง

จอดรถริมถนนได้ แต่ระวังโดนทุบกระจกนะครับ แถวนี้โดนกันเพียบ ทั้งๆที่อยู่ใกล้ๆสถานีตำรวจ",wongnai,,
"เดินเล่นดูร้านขายของที่ระลึกมาเรื่อยๆจนถึงบ้านบุปผาจันทร์ จะมีร้านเล็กๆมีเก้าอี้สี่ห้าตัว

ปาท่องโก๋ตัวใหญ่ดึงดูดความสนใจ มีหลายไส้ให้เลือก ไส้หมูสับผักรวม ไส้กล้วยหอมทอด ไส้สังขยาใบเตย ไส้หมูแดง ชิ้นละ 30 

ปาท่องโก๋ไส้กล้วยหอมราดนม รสชาติดี หอมกล้วย

เต้าฮวยนมสด มีน้ำแข็งแยกมาให้เลือกกินได้ทั้งแบบร้อน แบบเย็น (ค่อนข้างหวานไปนิด)

ไข่หวานน้ำขิง รสชาติเยี่ยมหอมขิง ไม่หวานมากมาก โอเคเลย",wongnai,,
คนเชี้ยไรแดกทีครึ่งแก้วเพียว,wisesight,,
คือร้านนี้ต้องมาทานทุกเดือน ส่วนตัวคิดว่า อร่อยกว่า ร้าน พี่ญา นะ เราว่าเส้นขนมจีนอันนี่อร่อยกว่า น้ำแกงขนมจีนก้ออร่อยกว่า เจ้มจ้น มาก ไก้ก็ทอดอร่อย มาก กิน แบบ นี้ อิ่มอร่อย จนอยากกินทุกวัน ผักก็เยอะมากๆ ดูสะอาดอีกต่างหาก,wongnai,,
ขอรายละเอียด yaris ค่ะ,wisesight,,
"กาดหลวง ในห้าง central festival เชียงใหม่ มีร้านอาหารหลายเจ้า ร้านศิริ จะขายก๋วยจั๊บ ข้าวขาหมู ข้าวหมูกรอบ
สั่งก๋วยจั๊บมาชิม 1 ชาม น้ำข้นสูตรพะโล้ พอใช้ได้ เส้นจะแข็งไปนิด แต่ก็พอทานได้ ปริมาณเยอะพออิ่ม เครื่องก็หลากหลาย ใช้ได้ รวมรวมแล้วก็ ok ทานได้",wongnai,,
ร้านอยู่ตรงข้ามสโมสร ทบ. มาม่าไข่ข้นอร่อยใช้ได้นะ แต่ topping น้อยไปหน่อย แบบไส้กรอกราว 5-6 ชิ้นไรงี้ แต่ที่ชอบคือปังเย็น ชมพู ใหญ่บิ๊กเบิ่มดีก็ตามราคานะ (55.-) เที่ยงๆคนจะเยอะและอาจจะได้ช้าหน่อยนะ ????????????,wongnai,,
เมนูที่ไปทานจะเป็นกระเพราไก่กรอบข้าวอบชีส กับข้าวปลาแพนกาเซียส อร่อยทั้งคู่ ทานนานๆก็เลี่ยนอยู่ แต่จะมีน้ำจิ้มซีฟู้ดมาให้ทานคู่กับปลาด้วย ราคาทั่วไปค่ะ ไม่ถูกไม่แพงเกิน ร้านหาง่ายจะมีบันไดไว้เดินขึ้นไปอยู่ข้างๆร้านบะหมี่ค่ะ,wongnai,,
สินค้านี้ ลอรีเอะ ซุปเปอร์ เจนเทิลพลัส 25-30 ซม. 6-7ชิ้น ราคา 21 บาทค่ะ,wisesight,,
ยูเนี่ยนม่ะ,wisesight,,
"ปลาสดดี ชิ้นใหญ่
ข้าวซูชิปรุงอร่อย
อิคูระเลือกมาดี อร่อย
ซูชิตับห่าน เยี่ยม
ฟินเลมิยองอร่อยคับ แต่วันนี้ไม่ได้กิน
ไม่ค่อยกินฟิวช่ั่น เลยไม่ได้ลองอย่างอื่นนัก
บรรยากาศดี ชิลมากตอนเย็นๆ 
กินเหล้าฟังเพลงแจ๊สบางวัน โคตรฟินคับ",wongnai,,
"เดินเข้ามาร้าน ไม่มีใครสนใจ
 เราก็เขียนๆ รีบส่ง เห็นคิวเยอะ คนเยอะ พอเขียนเสร็จ เดินไปส่งให้ ป้าผู้หญิงทำหน้าตื่น บอกว่า วันนี้ปิดรับคิวแล้ว อ้าวว???????????????????????????????????????? เข้ามานั่งตั้งนาน ไม่เห็นเราหรอ อะไรว้า เสียความรู้สึก ควรจะบอกตั้งแต่เราเดินเข้ามาละ ว่าวันนี้หมดแล้ว คิวเต็ม มีคนจองไว้หมดแล้ว บลาๆๆๆ ไม่พูด เสียความรู้สึกมาก คิดว่าครั้งต่อไปเราอยากจะมาหรอ ?!!!",wongnai,,
"ร้านโจ๊กสามย่าน จุดเด่นอยู่ที่หมู  ชิ้นโต วันนี้สั่งแบบพิเศษหมูล้วน เรียกได้ว่า หมูล้นชามกันเลยทีเดียว ตัวข้าวก็ไม่ได้เนียนมากเหมือนร้านโจ๊กอื่นๆทั่วไป ออกจะคล้ายข้าวต้ม แต่กลมกล่อม เครื่องเน้นๆคุณภาพมาเต็ม ร้านเค้าขายดีตลอด ถ้ามาสายหน่อยเครื่องในหมดก็ต้องใส่หมูล้วนกับไข่อย่างเดียวค่ะ
ที่สำคัญ ไม่ว่ายุคไหน ผ่านมากี่ปี ที่ร้านจะมีน้ำส้ม greenspot  ขายเสมอ อย่าลืมสั่งกินคู่กันนะคะ",wongnai,,
แพ้ไบโอเธิร์มแน่ๆ เหน่ยจัย,wisesight,,
รุ้มั้ย ทำไมไฮเนเก้นไม่ทำโซดา,wisesight,,
ผ่านมาทางนี้เห็นป้ายเชิญชวนติดตามถนนเยอะมาก ชื่อก้อดูอร่อย มาถึงร้านๆ ใหญ่คะ รถจอดเพียบ บรรยากาศดี สะอาด อาหารจะเน้นสุขภาพ เป็นข้าวกล้อง แต่ชื่อร้านก้อบอกว่าก๋วยเตี๋ยวบ้านบึง ลองสั่งต้มยำมากิน โอ้ววว รสชาติแย่ จืด มีแต่ถั่วงอก หมูเด้ง 1 ชิ้น ลูกชิ้นลูกเล็กๆ 2 ลูก เข็ดคะ ใครชอบรสชาติแซ่บๆ ขอบอกว่าอย่ามาเลยคะ,wongnai,,
"ร้านอาหารเปิดใหม่ครับร้านดูดีเชียวบรรยากาศสบายสบายนั่งริมน้ำลมพัดโชยมายามเย็นก็โอเคนะครับ
อาหารนี้เป็นอาหารไทยครับแต่ก็หนักไปทางกับแกล้ม ร้านมีบริการดนตรีสดเล่นให้ช่วงหัวค่ำร้องเพลงเพราะสบายสบายฟังชิลล์ชิวจิบเบียร์เย็นๆบรรยากาศดีครับ
เมนูที่ลองสั่งมาชิมแล้วรู้สึกว่าอร่อยคือปลากะพงทอดน้ำปลาขาหมูทอดสามชั้นผัดพริกเกลือ รสชาติอาหารถือว่าโอเคเลยครับราคาก็ไม่แพงเกินไปอิ่มอร่อยประหยัดคุ้ม",wongnai,,
"อเมริกาโน่ร้อน กลิ่นเบิร์นนิดๆ ไม่เข้มมาก กำลังจิบชิลๆ มีขนมปังมาด้วย

กาแฟโยโล สั่งแบบไม่หวานมา นมเยอะ ให้ความรู้สึกเหมือนทานลาเต้มากกว่าเอสเปรสโซ่อย่างที่ร้านบอก 

สงสัยเรากินกาแฟสายสตรอง เลยว่าไม่ค่อยเข้มค่ะ


ด้านหลังมีที่พักด้วยนะ บรรยากาศน่ารักเชียว",wongnai,,
เขาเป็นติ่งฮอนด้า อะไรที่ไม่ใช่ฮอนด้าเขาว่าขี้เหร่หมดแหละ,wisesight,,
"แวะมาย่านบางกรวย ย่านนอกเมือง ที่หลีกเลี่ยงรถติด
มาหาอาหารอร่อยๆ พี่สาวพามาร้านบ้านเคียงลม
ร้านอาหาร บรรยากาศ พักผ่อน รับลมสบายๆ มีอาหารมากมายหลายเมนู ให้เลือก การบริการดี รสชาติอาหารอร่อย และราคาไม่แพงจนเกินไป เหมาะสำหรับครอบครัว หรือเพื่อนฝูงมานั่งทานกัน",wongnai,,
หลังจากไปกินบาร์บีคิวพลาซ่ามาครั้งล่าสุด ทำให้รู้สึกว่า แพง แถมไม่อิ่ม น่าจะเลิกกินไปอีกซักพักใหญ่ๆ,wisesight,,
หุ่นแบบไหนที่เรียกว่าดี หุ่นที่เจ้าตัวโอเค ไม่มีปัญหาสุขภาพ จะอ้วน จะผอม จะอวบก็เหอะ แล้วการบอกว่าผู้หญิงหุ่นมีน้ำมีนวลดีกว่าผอมเป็นผี นี่ก็เซ้ทอัพค่านิยมความงาม ให้มาตรฐานเป็นแบบนี้เท่านั้นรึเปล่า,wisesight,,
แบบบุฟเฟ่ต์ตอนนี้มีสาขาไหนบ้างคะ,wisesight,,
จันทร์-ศุกร์,wisesight,,
ร้านนี้อยู่ที่ อ.หัวหิน จ.ประจวบคีรีขันธ์ มีส่วนของเบเกอรี่ เเละร้านอาหาร ร้านตกเเต่งสวยงาม ส่วนเบเกอรี่ ติดทะเล เห็นวิวทะเลสวยงาม ขนมอร่อย ส่วนน้านอาหารเป็นเเนวในสวน ร่มรื่น ร้านกว้าง นั่งเเล้วให้ความรู้สึกสบายตา สบายใจ,wongnai,,
เราจัดมาก่อนหน้ามาแระ ไม่ทันย้ายเข้าบ้าน แท๊ก ต่อแระกัน..,wisesight,,
"ปกติเป็นคนไม่ชอบกินปลาน้ำจืด เพราะจะรู้สึกว่ามีกลิ่นแปลกๆ แต่ร้านนี้ทำให้เรากินปลาน้ำจืดได้ คือทางร้านทำไม่มีกลิ่นเลย แถมเนื้อยังเหนียวนุ่มพอดีมากๆ ส่วนน้ำจิ้มแซ่บมากจริงๆ

ส่วนรายการอาหารอย่างอื่นไม่ค่อยอร่อยเท่าไหร่ ถ้าให้คะแนนโดยรวม คงให้ 3/5 แต่เห็นเป็นร้านปลาเผาเลยให้คะแนนปลาเผาซะเลย เอาไป 4 เลยจ้าท",wongnai,,
เพิ่งมาทานครั้งแรกตามคำแนะนำของเจ้าถิ่น ชอบบรรยากาศร้าน พนักงานบริการดีครับ อาหารก็อร่อยครับ มีเมนูเยอะแยะ ราคาต่อหัวรับได้ไม่แพงมาก ชิลๆดีครับ ติตรงทางเข้าลำบากนิดหน่อย นอกนั้นประทับใจมากครับ เหมาะกับการพาสาวมาเดท 555,wongnai,,
ออเจ้าทั้งหลาย มาซื้อ Neutrogena Micellar Water ที่บิวเทรี่ยมได้ เร็วๆนี้,wisesight,,
ตรวจฟิคอยู่ แม้หนูจะอารมณ์เสียเรื่องเบียร์หมี 5555,wisesight,,
ร้านเนื้อย่างที่กินมาตั้งแต่เด็ก..เนื้อหมักได้นุ่มพอดีน้ำจิ้มมีสองแบบแบบเผ็ดและแบบสุกี้อร่อยทั้งสองรสแต่แนะนำให้เอาน้ำจิ้มมาผสมกันจะได้รสชาติไปอีกแบบ..ไปแล้วอย่าลืมสั่งข้าวผัดปูมาลองด้วยอร่อยมากแต่ร้านหมื่นทิพย์หาที่จอดรถยากมากว่าแล้วโทรไปสั่งมากินที่บ้านดีกว่า,wongnai,,
ร้านอยู่ในดงร้านอาหารญี่ปุ่นหลายๆร้าน ตกลงใจเลือกเพราะอยากกินราเมง รสชาติใช้ได้เส้นเหนียวนุ่ม ข้าวผัดกระทะร้อนรสชาติใช้ได้เลย เกี้ยวซ่าก็เหมือนมีน้ำซุปขลุกขลิกเข้มขันด้านใน โดยรวมแล้วรสชาติโอเคเลยครับ,wongnai,,
รสดี ดีกรี หนัก,wisesight,,
😱😱😱😱😱😱😱😱,wisesight,,
มี 64 รูปทรง ได้รับแรงบันดาลใจจาก ถ้วยจิบน้ำชาตามวัฒนธรรมดั้งเดิมของญี่ปุ่นค่ะ #EssentialEnergy #ShiseidoThailand,wisesight,,
เลิกงานแล้วก็จัดของหวานเติมพลังใจซะหน่อย คนอาจจะเยอะไปสักหน่อย แต่สายหวานต้องอดทนได้ รอสักชั่วโมงนิดๆก็ได้กิน เลยจัด บิงซูสตอเบอรี่ กับแพนเค้กมากระแทกใจซะหน่อย พอมาถึง ถ่ายรูปกันคนละแชะวองแชะ จากนั้นก็จ้วงไม่พูดไม่จากันเลย ทั้งหวานจากตัวบิงซูที่ตัดกับรสของสตอเบอรรี่ ส่วนแพนเค้กกับกล้วยก็ไม่น้อยหน้า หอมหวาน มัน ครบรส ใครที่อยากหาของหวานมาประโลมใจก็แนะนำเลยจ้า แต่อาจจะรอนานสักหน่อยน้า,wongnai,,
ด้วยความที่ชอบกินกล้วยปิ้งอยุ่บ้าง พอมาเจอร้านนี้จึงเกิดความสงสัยใคร่รุ้ว่ามันดีอย่างไร จึงไปเสาะแสวงหามากิน กล้วยปิ้งบ้านๆ ดีนี่เองหละครับแต่เอามาใส่ใส้ซะน่ากิน ราดด้วยน้ำเชื่อมอร่อยดีนักแล สรรหามากินนะครับ,wongnai,,
แต่ที่สยามเหมือนไม่มี,wisesight,,
พรุ่งนี้เข้าเวรอีกแล้ว,wisesight,,
เป็นคนเรียบๆ ง่ายๆ ไม่ชอบสีสันเยอะค่ะ เลี้ยงง่ายด้วยนะ สนใจเลี้ยงข้าวสักมื้อไหม ?#กลมกลืนมากกกกก #55555+#น้องเพชรชมพู#nissan #note #baeng_priklao #แบงพริกลาว,wisesight,,
ไหนบอกไม่ชอบกินบาบิก้อนไง!!,wisesight,,
#เลื่อนแม่มึงสิ เห็นมั้ยมึง การเมืองเป็นเรื่องของทุกคน ทุกคนได้รับผลกระทบ เพราะฉะนั้น ถ้าใครว่ามึงว่าเด็กมีหน้าที่เรียนก็เรียนไป อย่าสนใจการเมือง มึงสวนกลับไปเลยย การเมืองเป็นเรื่องของทุกคน,wisesight,,
"เป็นร้านที่คนเยอะทุกๆสาขา วันหยุดนี่คิวยาวตลอด 

แนะนำเมนู Mango Sticky Rice... เมนูนี้อร่อยมาก ราคาจำไม่ได้ ????

เสริฟพร้อมครีม(น่าจะเป็นกะทิ) กับซอสมะม่วงที่เป็นน้ำให้ราด ข้างในมีเนื้อมะม่วงชิ้นเล็กพอดีคำ แล้วก็ข้าวเหนียว  

ใครที่ชอบข้าวเหนียวมะม่วงฟินแน่นอน!",wongnai,,
สปายรสพีชคือเลวร้ายอ่ะรสชาติน้ำป้าเช็ง ไม่น่าเห็นแก่พีชเลยพวกแอลกอฮอล์อะไรพีชๆควรกินของเกาหลี ญป.จริงๆ,wisesight,,
อุ้ยยย เราไม่รู้จักกันคะ,wisesight,,
อยากกินนนน สอบเสร็จจัดไปคะ5555,wisesight,,
อาหารญี่ปุ่น ราคาไม่แพง ไม่ชาร์จเพิ่ม ต้องมาร้านนี้ วันนี้อิ่มมาก เลยสั่งแคลิฟอเนียมากิมากินเบาๆ เพื่อนสั่งยาโยอิพริ้นเซสเหมือนเดิม ค้นกระเป๋าพบว่าได้ไอติมชาเขียวถั่วแดงฟรีด้วย มากิก็อร่อยเหมือนทั่วไป แต่อาหารชุด พนักงานคงรีบ ลืมทั้งไชเท้า และ วาซาบิ และมะนาวที่สั่งเพิ่ม ส่วนไอติมชาเขียว คราวนี้อร่อยกินคู่ถั่วแดง กลมกล่อมดี,wongnai,,
ถ้าเราเมาช้างก็เปลียนไปกินลีโอแทน,wisesight,,
แอดมินถึงกับเงียบ,wisesight,,
ตอนมากินแถวบ้านควรเชิญเพื่อนไปกินด้วยนะคะคุณ,wisesight,,
ทำไมเราเช้าสบายตายตอนเที่ยง,wisesight,,
ลิปอินนิสฟรีทำปากแห้งเว่อๆแพงก็แพงกูจะซื้อมาทำไมเนี้ยยยยยยยย แตกทั้งปากเลยไม่คุ้ม,wisesight,,
ในมิโมซ่า พัทยา มีร้านเค้ก น่ารักๆอยู่ด้วยนะ เดินเหนื่อยแล้ว ลองเข้าไปนั่งพัก ดื่มน้ำ ทานเค้กดู เป็นร้านเล็กๆ ตกแต่งร้านได้น่ารักมากๆ  ราคาค่อนข้างสูงนิดนึง แต่ก็โอเคอยู่นะ อร่อยดีทั้งเค้ก และเครื่องดื่ม,wongnai,,
