text,label,source,suspect_score,signals,pred,in_tok,out_tok,latency_ms,err
"ร้านนี้อยู่ตรงข้ามณัฐวัฒน์เพลสค่ะ ก่อนถึงสามแยกเหมืองหิต เป็นร้านเพิง มีป้ายบอกชัดเจน สามารถจอดรถข้างทางได้ค่ะแต่กลางวันคนจะเยอะมาก

สั่งเส้นมหมี่ต้มยำมาทาน รสชาติพอทานได้ค่ะไม่ได้อร่อยหรือแย่อะไรมาก คือไม่เปรี้ยวแบบต้มยำเลยต้องเติมเอาอีกที สรุปให้แค่3/5พอทานได้ ดีที่ปริมาณเยอะ มีผักให้เติมได้ กับราคาถูกชามละ30บาทค่ะ
คะแนนรวมร้าน⭐️⭐️⭐️
บริการ⭐️⭐️
รสชาติ⭐️⭐️⭐️
ราคา⭐️⭐️⭐️
ความสะอาด สวยงาม⭐️⭐️⭐️",0,wongnai,4.0,"ชม:ดี; ชม+แย่:แย่,ไม่ได้",0,291,6,4162,
นั่งจิบสปายเบาๆ แล้วเราจะสบาย เท้าหย่อนไปในน้ำฟินๆ ที่มัลดีฟส์เมืองไทย ในกาญจนบุรี ธรรมชาติสร้างสรรค์ ความมันจึงบังเกิด รีบอยู่ใยไปเถิด ไปมัลดีฟส์เมืองไทย มีของกินเยอะแยะ เที่ยวไทยมีดีกว่าที่เราคิด #spyclassic,0,wisesight,1.0,"ชม:ดี,ฟิน",0,185,6,889,
"ถ้าใครมาถึงตลาดใหม่สามย่าน ก็ต้องรุ้จักกับสเต็กอ้วน ผอม เป็นอีกคนต้องไปลองนะค่ะ 
ร้านจะตั้งอยู่ที่ชั้น 2 ของตลาดใหม่สามย่านค่ะ บรรยากาส ก็จะมีที่นั่งให้เลือกเยอะค่ะ เป็นคล้ายๆๆโรงอาหารเลยมีให้เลือกหลายร้านแต่เราเน้นที่ร้านสเต็กอ้วน ผอม 
เมนูทีสั้งก็ต้องไม่พ้นสเต็กรวม จานใหญ่มาก เห็นแล้วต้องตกใจกันไปเลยทีเดียว และก็สปาร์เก็ตตี้ขี้เมาทะเล แช่บเวอร์  จานใหญ่ กินคนเดียวคงไม่หมดแน่นอน 55 เรื่องราคาไม่ได้ใหญ่เหมือนจานเลย ราคาไม่แพงด้วยค่ะ",0,wongnai,4.0,ชม:ดี; ชม+แย่:ไม่ได้,0,273,6,722,
"ผ่านมาโดยบังเอิญเพราะต้องออกพื้นที่ แต่ ดันง่วงไม่เป็นเวล่ำเวลา :(
แวะมาแบบ งง ๆ แต่ไม่เสียใจเลยค่ะ 
กาแฟเข้มข้น หอม ไม่ติดเปรี้ยวมาก แต่ ติงนี๊ดดดเดียว ใส่นมน้อยไปนิดนึงง่ะ เลยติดเปรี้ยวปลายลิ้น 
ส่วน พิซซ่า ไม่ทันได้ลอง เพราะเวลางาน เร่งเหลือเกิน งือ ๆ เสียใจจุง",0,wongnai,5.0,"ชม:ดี; ยืดอักษร; ชม+แย่:เสีย,งง",0,215,6,649,
วันที่ไป แวะไปช่วงบ่ายๆ หลังจากเสร็จธุระ แล้วก็คิดว่าน่าจะดีว่าไปทานตอนค่ำ คาดว่าคนอาจจะเยอะ เพราะตั้งใจไปจะไปหาร้านบรรยากาศดีๆทานอาหารชิลๆ ราคาเปิดมา พอรู้อยู่ล้วว่าจานหลัก 300-600 แต่อยากพาแฟนไปทานเนื้อแกะ อาหารถือว่าใช้ได้ แต่สปาเก็ตตี้ ไม่ค่อยอร่อย จานแกะ ถือว่าดี ของทานเล่นก็เป็นคริสปี้แฮมชีส ถือว่าใช้ได้ แต่ ... ที่ร้านร้อนไปหน่อย เพราะมีกลุ่มพนักงาน เดินเข้าออก เอาของจาครัวข้ามไปอีกฝั่ง และเปิดประตูทิ้งกว้างไว้ เสียงรถดังมาก เดี๋ยวเดินเข้าเดินออก ไม่เสร็จซักที จริงๆควรมีทางออกด้านข้างให้พนังานขนอาหารออกไป เวลาเรียกสั่งเครื่องดื่ม หรือ ของหวานเพิ่มยากมาก พนักงานบริกรไม่ดูลูกค้าเลย บางที่พนักงานก็คุยกันเองเสียงดังกว่าลูกค้าเสียอีก แต่พอมาถึงโต๊ะ ก็บริการสุภาพดี ขอชื่นชมครับ แต่โดยรวมผมว่ายังไม่คุ้มกับราคาอาหารครับ ไปตามโรงแรมในราคานี้ ได้บริการดีว่านี้นะผมว่า สรุปวันนั้น เสียไปกือบ 2 พัน เสียดายอยู่ครับ ความเห็นส่วนตัวจริงๆนะครับ ท่านที่ไม่เห็นด้วยต้องขออภัยครับ อาจจะเป็นจังหวะไม่มีของผมเองครับ,0,wongnai,5.0,"ชม:ดี; ยืดอักษร; ชม+แย่:รอ,เสีย,ไม่คุ้ม",1,479,6,723,
อาหารอิตาเลียนยังไงก็ต้องมากินกันเยอะๆ หลายๆคน เพาาะจานนึงนี่ใหญ่พอสมควร กินคนเดียวไม่ไหวจริงๆ เมนูแนะนำต้องเป็นพาสต้า ต่างๆ พิซซา Parma Ham กับ salami เด่นตรงที่ชีสนุ่ม และแป้งบางๆ ขนมหวานนี่ดีงามเลยทิรามิทสุ จัดมาสวยงาม pana cotta นุ่มเด้งทีเดียว,0,wongnai,4.0,"ชม:ดี,ดีงาม; ชม+แย่:รอ",0,206,6,758,
กลับมาอีกครั้งกับการรีวิว ร้ายก๋วยเตี๋ยวเนื้อวัว@สุราษฎร์ธานี(น่าน) ซึ่งนักชิมไม่ควรพลาดเลยทีเดียว ดิฉันไปทานเกือบทุกวันเสาร์ บางคนคิดว่าราคาแพง แต่จริงๆแล้วถ้ามาลองชิมจะรู้เลยว่าของเขาดีจริงๆ คุ้มค่ากับราคา ด้วยรสชาดที่อร่อย วัตถุดิบที่อัดแน่น เข้มข้น ลงตัว ดิฉันจะชอบทานสองใจลังเล ใส่แต่ใส้หวาน เอ็นแก้ว เนื้อตุ๋น แล้วอีกเมนูคือหม้อไฟทานกับข้าวสวยร้อนๆเข้ากันๆ ถ้าหากผ่านมาหรือตั้งใจมาก็ตาม ลองชิมนะคะ อยู่ตรงข้ามกับเทศบาลจังหวัดน่านหน้ากาดน่านคะ,0,wongnai,1.0,ชม:ดี,0,307,6,830,
"เดินสายเกาหลีต้องมาชิมชอบเกาหลีต้องมาาลองง
ตัวร้านที่บรรยากาศค่อนข้างดีตามสไตล์เกาหลี 
พนักงานเสิร์ฟเรียกยาก พนักงานเหมือนจะไม่เพียงพอเวลาลูกค้าเยอะๆ แต่โดยรวมก็บริการดีคะ 
ส่วนอาหารที่สั่งมาก็มีของขึ้นชื่อร้านเลย(จำชื่อเมนูจริงๆไม่ได้ขอเรียกตามความรู้สึกเลยนะคะ)
1.บิบัมบับปลาหมึก ปลาหมึกค่อนข้างเล็กแล้วก็น้อยด้วย ตัวข้าวพอคลุกกันแล้วโอเคเลย เติมโคชูจังสักหน่อยอร่อยเลย
2.ซุปกิมจิ รสชาติโอเคเลยแต่เหมือนขาดอะไรไปสักอย่างเลยยังรู้สึกไม่โดนใจ เครื่องแน่นมากก
3.คิมบับ ปั่นมาก้อนเบ้อเร้อเลย เครื่องแน่นมากๆ จานนี้ถูกใจมาก อร่อยด้วยยย เยอะะอิ้มมากก
4.ชาเขียวร้อนอะไรสักอย่างง กลิ่นหอมดีคะ จิบๆไปก็เพลินดี
5.ชาเขียวเย็น ก็รู้สึกเหมือนชาเขียวทั่วไปนะคะ
 
บางอย่างรสชาติยังไม่ถูกปากแต่โดยรวมก็โอเค มีเครืองเคียงเติมฟรีนะคะ ปลาอร่อยมากก ใครว่างก็แวะมาชิมนะคะ บิบิมบับขึ้นชื่อจริงๆ",0,wongnai,5.0,"ชม:ดี; ยืดอักษร; ชม+แย่:งง,ไม่ได้",0,451,6,743,
หลอกได้ก้อได้ พวกที่ไม่ศึกษา แหละ และส่วนใหญ่คนไทย ชอบพูดในขณะที่รู้ไม่จิง,0,wisesight,0.0,,1,123,6,748,
ถึงชื่อจะเน้นเป็ด ร้านนี้ไม่ได้มีแค่เป็ดนะจ้ะ เมนูเยอะแยะเลย ราคาก็ดี หลัก 10 ยันหลัก 500 มาคนเดียว 100 เอาอยู่เหลือเฟือ บรรยากาศร้านไม่ต้องห่วงลมโกรกดีมาก พัดลมนี่ไม่ต้องเปิดเลย  ตอนนี้มีโปร ไลค์ แชร์ ฟรี เครื่องดื่ม 1 ขวดนะจ้ะ,1,wongnai,4.0,ชม:ดี; ชม+แย่:ไม่ได้,0,192,6,861,
"ร้านเป็ดย่างในตำนานที่ผ่านร้อนผ่านหนาวมาหลายชั่วคนมากกว่า100ปี อยู่ตรงข้ามโรบินสันบางรัก ไม่สามารถจอดรถหน้าร้านได้ แต่ก็ไม่ทำให้คนกินน้อยลงไปเลยทั้งไทยจีนฝรั่ง ร้านห้องแถวห้องเดียวมีให้บริการทั้งชั้นบนและชั้นล่าง มนต์เสน่ห์ของร้านเก่าโต๊ะโบราณบวกกับรสชาติและการบริการที่ถือว่าเร็วถ้าดูจากจำนวนคนยังกะจะแจกฟรีก็ว่าได้

ข้าวหน้าเป็ดย่าง หนังบางเนื้อนุ้มๆชุ่มด้วยน้ำราด รสหวานนำ ตัดเปรี้ยวเค็มด้วยน้ำจิ้ม เนื้อเป็ดค่อนข้างหนาแซกด้วยส่วนผสมที่ใช้หมัก ไม่มีกลิ่นสาบ เนื้อเป็ดมีรสของตัวเองไม่แห้ง 

ข้าวขาหมูรมควัน ใช้น้ำราดเดียวกับเป็ด หวานนำแต่ตัวหนังให้ความกรุ๊ปกรอบ เคี้ยวง่ายอร่อยไปอีกแบบ

ติ่มซำ เสียบไม้แต่ละลูกขนาดพอคำ ใช้แป้งเกี๊ยวห่อแค่ฐาน ได้รสหมูและสาหร่าย ตัวไม้สาหร่ายมีเพียง3ลูก",0,wongnai,4.0,"ชม:ดี; ชม+แย่:รอ,นาน,เสีย",0,402,6,1139,
"วันนี้ระหว่างมาทำธุระที่ว่าการอำเภอบางพลี ระหว่างรอเจ้าหน้าที่พักเที่ยง ได้มีโอกาสมานั่งจิบกาแฟชมวิว ถ่ายรูปเล่นค่ะ
สั่งกาแฟคาปูชิโน่ไม่หสวานไป 1 แก้ว และแบบธรรมดา 1 แก้ว
รสชาติอร่อยกล่อมกล่อม หอมกลิ่นเมล็ดกาแฟคั่วมากค่ะ
มีโรยผงชินาม่อนประดับและเพิ่มความหวานแบบธรรมชาติๆให้ด้วยค่ะ
แก้วน่ารัก ตกแต่งด้วยดอกไม้คิขุมาก อยากเก็บแก้วกลับไปใช้ต่อจริงๆ แต่ไม่มีโอกาสค่ะวันนี้มือไม่ว่างเลย ><""
ถ้ามีโอกาสระหว่างรอทำธุระอย่างลืมมาแวะนั่งจิบกาแฟริมแม่น้ำของร้านนี้กันนะคะ
บรรยากาศร้านน่ารักมากๆ ประดับประดาด้วยดอกไม้หลากหลายชนิด ร้านอยู่บนเรือนแพ ติดแม่น้ำ มองเห็นปลาได้เลยค่ะ",0,wongnai,0.0,,0,350,6,2475,
"ร้านสวยบรรยากาศดีมากๆอีกร้านนึงในกรุงเทพ เป็นร้านกลางแจ้งค่ะ ตึกก็ตกแต่งด้วยสีสดสวยงาม ร้านมี2ชั้น ถ้าชั้น2 จะสามารถมองเห็นเวทีดนตรีสดได้ชัดเจน ตอนกลางคืนมีดนตรีสดนะคะ เป็นเพลงฟังสบายๆ อาหารที่นี่เน้นเป็นอาหารไทนแนวฟิวชั่น กับอาหารอิตาเลี่ยนค่ะ อาหารจานใหญ่และราคาค่อนข้างแพง วันนี้สั่งเป้นสปาเก็ตตี้คาโบนาร่า เส้นสปาเก็ตตี้ลวกมาได้เหนียวหนึบกำลังดี เบคอนที่โรยมากรอบอร่อยเค็มค่ะดีค่ะ แต่คิดว่าจานนี้ผัดมาแห้งไปหน่อย แต่โดยรวมรสชาติดดี อีกจานเป็นยำเเซลมอนรสชาติมาตรฐานค่ะ
ให้  4 ดาว",0,wongnai,4.0,"ชม:ดี,เทพ; ชม+แย่:รอ",0,322,6,714,
"การตกแต่งของร้านแปลกตาแนวความคิดมาจากหนังสือเรียนมานะกับมานีซึ่งเด็กสมัยนี้อาจไม่รู้จักแล้วแต่จะบอกว่าตัวเองแก่ก็กะไรอยู่ พอเคยได้ยินมาละกัน55555
อาหารรสชาติเหมือนสุกี้แต่น้ำจิ้มอร่อยดีค่ะทานได้เรื่อยๆมีเมนูให้สั่งหลากหลายอย่าง
พนักงานร้านต้อนรับดีด้วยหน้าตายิ้มแย้มค่ะ
เข้ามาเหมือนหลุดมาโลกของมานีเลยพรักงานในร้านเปนมานีกับมานะด้วยค่ะการแต่งตัว >.<
น่ารักดีค่ะ",0,wongnai,6.0,ชม:ดี; 555; ยืดอักษร; ชม+แย่:รอ,0,267,6,1237,
อาหารทำอร่อยดี สั่ง ยำไข่เยี่ยวม้า กับ ลาบหมูมากิน แต่บริการแย่มาก ไม่ค่อยสนใจลูกค้า ผมมาคนเดียว นั่งอยู่ประมาณ 10 นาทีก้ยังไม่มีใครมารับออเดอร์เลย มัวแต่สนใจลูกค้าที่มาเป็นกลุ่มๆ ขนาดผมมาก่อนลูกค้าบางโต๊ะยังไม่สนใจเลย จนต้องเดินไปสั่งเอง ใครที่คิดจะมากินเป็นกลุ่มก็ถือว่าโอเค,0,wongnai,4.0,ชม:ดี; ชม+แย่:แย่,1,211,6,800,
"ทริปนี้ไปทำงานค่ะ ขับรถผ่านเลยลองแวะ สะดุดที่ชื่อร้านค่ะ
ด้านหน้าติดถนน ด้านหลังติดทุ่งนา แต่งร้านเป็นไม้ค่ะ มีซุ้มไม้ไว้บริการด้านล่าง และด้านบนค่ะ

ช่วงที่ไปถึงประมาณ 17.30 น. ฟ้าเริ่มสลัวค่ะ เราเลือกนั่งซุ้มไม้ด้านบน บรรยากาศดีค่ะ ไม่มียุงมารบกวนด้วย

อาหารที่สั่ง คือ ปูนิ่มผัดผงกะหรี่ จานใหญ่ค่ะ มีปู 4 ตัว เหลือใส่ถุงกลับบ้านด้วย, ไก่ทอดเกลือ ถ้าทานเปล่าๆ เค็มค่ะ ก็ทอดเกลือนี่เนอะ ถ้าเป็นกับแกล้ม หรือทานกับข้าว อร่อยค่ะ, กุ้งอบวุ้นเส้น ใช้กุ้งแม่น้ำ มีกุ้ง 5 ตัว วุ้นเส้นกำลังดีค่ะ ไม่แฉะด้วย

แวะร้านอีสาน แต่ไม่ได้สั่งเมนูอีสานเลย ไว้มีโอกาสค่อยแวะชิมแล้วจะมาเล่าให้ฟังนะคะ",0,wongnai,4.0,ชม:ดี; ชม+แย่:ไม่ได้,0,366,6,701,
"มาหลายครั้งแล้วร้านนี้ จำได้ตอนมาครั้งแรก ได้เปลี่ยนความรู้สึกไปโดยสิ้นเชิง 
จากเมื่อก่อน เป็นขาประจำร้านอาหารญี่ปุ่นขาประจำที่มีสาขาอยู่ในห้างเกือบทุกห้าง คือ อร่อยและราคาสมเหตุสมผลแล้ว

แต่หลังจากได้มาร้านนี้ ก็เลยรู้ว่าไม่ใช่ ดีกว่าและราคาถูกกว่า มันเป็นอย่างไร 

ลองมากินดูครับ แล้วจะรู้สึกเหมือนกัน",0,wongnai,1.0,ชม:ดี,0,208,6,1723,
ร้านนี้ตกแต่งน่ารักค่ะร้านไม่ใหญ่มากเมนูก็ไม่มากเท่าไหร่เน้นขายมาการองกับเครปเค้กที่เรียกว่าเครปพันชั้น เคยเห็นออกทีวีด้วยค่ะ ร้านนี้เปิดมานานแล้วคนมากินก็เต็มร้านนะคะเพราะโต๊ะไม่มากด้วยเราลองทานstawberry short cakeอร่อยค่ะไม่หวานเนื้อเค้กไม่ร่วน,0,wongnai,0.0,,0,197,6,660,
"..... ร้านนี้มีกลิ่นอายสไตล์คันทรี่ ตกแต่งด้วยไม้ทั้งหลัง และรูปของศิลปินระดับโลกคนนึง อันนี้ไม่รู้จัก น่าจะเป็นความชอบส่วนตัวของเจ้าของร้าน

..... วงดนตรีเป็นแนวยุค 60's รุ่น ชาตรี แมคอินทอส วงพลอย วงเพื่อน รอยัลสไปรท์ เป็นเพลงรุ่นคุณพ่อเป็นจิ๊กโก๋นั่นเอง วงเล่นดี นักดนตรีค่อนข้างรุ่นใหญ่ มีอายุ ไม่มีเพลงใหม่ ถ้าชอบเพลงเก่าก็ต้องมาร้านนี้เลย

..... ในส่วนของรสชาติอาหารสั่งไป 4 อย่าง 
-ปลากะพงทอดน้ำปลา ตัวปลาไม่สดเนื้อยุ่ย น้ำยำเปรี้ยวไปนิดนึง
-หมูมะนาว น้ำยำกับหมู รสชาติแยกกัน หมูจืดไปเมื่อไม่มีน้ำยำ
-ตะกร้าครอสโรด เป็นกุ้งชุบแป้งทอดตัวเล็กๆใส่ตะกร้าที่ทำจากแป้ง มันๆ เฉยๆ
-เอ็นข้อไก่ทอด  รสชาติทั่วๆไป 

..... การบริการ น้องเด็กเสิร์ฟที่ดูแลโต๊ะเรา เค้าใส่ใจดีนะ ชื่นชม ^^  
ราคาค่อนข้างแพง แต่ถ้าคิดว่า ซื้อบรรยากาศ ซื้อวงดนตรีเล่นสดดีๆ ก็คุ้มอยู่ จบ.",0,wongnai,5.0,ชม:ดี; ยืดอักษร; ชม+แย่:รอ,1,442,6,781,
อีกสองวันเท่านั้น ก็จะปิดแล้ว ใจหายเหมือนกัน แต่ก่อนก็ต้องมาซื้อของที่นี่แหละ ซึ่งเป็นห้างเดียวในบริเวณนี้ เราพาลูกมากินแม็คโดนัลประจำตั้งแต่ลูกเล็กๆ จนตอนนี้ลูกเราทำงานกันหมดแล้ว,0,wisesight,4.0,ชม:ดี; ชม+แย่:หาย,0,164,6,755,
ร้านนี้เป็นร้านขนมหวานชื่อน่ารัก ตั้งอยู่ที่อาคารแกรนด์ เฮอริเทจ ตรงทองหล่อค่ะ ร้านเค้าจัดแบบหวานๆเก๋นะ ไม่ได้จัดแบบหวานเว่อร์ ชมพูฟูฟ่องอะไร เค้กชิ้นโปรดของเราที่ร้านนี้ก็คือ โอริโอ้บานอฟฟี่ เสริฟมาเป็นถ้วยแบบกำลังน่ารัก มีทั้งกล้วย โอริโอแลว้ก็สตรอว์เบอร์รี่ รสชาติไม่หวานจนเกินไป กินจนหมดก็ไม่รู้สึกว่าเอียนหรือว่าแสบคอ นอกจากของหวานแล้ว ร้านนี้ก็ยังมีพวกอาหารคาวด้วยนะ มีทั้งเมนูจานเดียวง่ายๆอย่างข้าวผัดอเมริกัน ข้าวผัดต้มยำ แลว้ก็พวกอาหารฟิวชั่นก็มี,0,wongnai,4.0,"ชม:ดี,เว่อร์; ชม+แย่:รอ,ไม่ได้",0,302,6,699,
กูไม่กินเบียร์ กินแค่285 B52 Smirnoff โชจู,0,wisesight,0.0,,1,114,6,764,
เป็นร้านอาหารอีสาน อยู่ใกล้กับมัสยิด ร้านเป็นตึก 2 ห้อง สะอาด ไม่มีกลิ่นคาวเนื้อ  อาหารส่วนมากจะเป็นอาหารที่ทำจากเนื้อ ราคาก็ไม่แพงถูกมาก ใครไปทานที่นี่แนะนำ เมนู ลาบเนื้อสับ (เราสามารถบอกรสชาติได้ว่าชอบแบบไหน) เสื้อร้องไห้ เนื้อไม่เหนียว หมักได้รสชาติ บางวันจะมีลาบเป็ดด้วย ก็อร่อยดีนะ,0,wongnai,4.0,ชม:ดี; ชม+แย่:รอ,0,218,6,627,
แม่จะมีขายแต่ตอนเย็นแต่คนก็เยอะมากบางทีถึงขั้นต้องยืนต่อคิวเลยนะคะบะหมี่ร้านนี้ชื่อดังมีคนทานเยอะอยู่ข้างถนนไม่ค่อยมีที่จอดรถแต่มันอร่อยค่ะน้ำซุปร้านนี้หวานบะหมี่นุ่มเกี่ยวก็อร่อยปูก็เยอะตามราคาค่ะราคาก็ 40 เริ่มต้นค่ะ มีโต๊ะนั่งหลายโต๊ะน้ำดื่มบริการตัวเองต้องจดนะคะเพราะไม่งั้นอาจจะลืมได้คุณลุงคุณป้าบริการดีไม่ดุลูกค้าค่ะอยู่หน้าดีแทคตรงคูเมืองถนนเส้นหน้า Central กาดสวนแก้วหาไม่ยากค่ะราคานี้ไม่แพงเลยใครชอบบะหมี่เกี๊ยวปูแนะนำให้ไปลองทานดูนะคะ,0,wongnai,1.0,ชม:ดี,0,304,6,608,
"ปกติชอบกินเตี๋ยวตำลึงนายแกละบางขุนนนท์นะคะ ร้านนี้ไม่แน่ใจว่าเป็นสาขาหรือแฟรนไชส์ แต่ก๋วยเตี๋ยวซุปไม่ร้อน ลวกเส้นยังไม่ค่อยสุก แข็งไปหน่อย พนักงาน AEC สื่อสารแบบงงๆ

รสชาติก๋วยเตี๋ยวต้มยำพอทานได้ค่ะ เครื่องในลวกสุกกำลังดี อร่อย ไม่แข็ง แต่ฝากดูเรื่องความสะอาดของช้อนด้วยค่ะ หยิบออกมาจากกล่อง คันนึงมันแผล็บยังมีคราบพริกป่นติดเพียบ อีกคันนึงมีผักชีติดมาทั้งใบ เห็นแล้วแหยงค่ะ",0,wongnai,5.0,ชม:ดี; ยืดอักษร; ชม+แย่:งง,0,280,6,668,
"ปกติขี่รถผ่านเส้นเวียงบัวแทบทุกวัน เพิ่งรู้ว่ามีร้านราเมนรสเด็ดอยู่แถวนี้ด้วย 555 

วันนี้ว่างๆ เลยมาลองราเมนลึกลับเส้นเวียงบัวซักหน่อย 

พอเข้ามานั่งในร้านเห็นป้ายเมนูก็แอบตกใจชื่อร้าน . . . ""ราเมนอร่อยร้องให้"" ในใจก็คิดว่า เอ กลับทันมั้ย 555 แต่ไหนๆ ก็มาแล้ว ต้องลุย เจ้าของร้านที่ออกมารับออเดอร์และเป็นพ่อครัวด้วยเหมือนจะเป็นคนญี่ปุ่นไม่งงั้นก็ครึ่งจีนหรือญี่ปุ่นแน่ๆ เขาดูเงียบๆ เราเลยไม่ค่อยกล้าเล่นมุก 555 ตอนแรกอยากสั่งมิโซะกระดูกหมู แต่งบไม่พอเลยสั่งมิโซะธรรมดาก่อนละกัน นอกจากนี้ยังมีเกี๊ยวซ่าย่างด้วย รอแป๊ปเดียวก็มาเสิร์ฟแล้ว เร็วมาจริงๆ ซดน้ำซุปคำแรกก็บอกได้เลยว่าเข้มข้นพอตัวเลยทีเดียว มีเครื่องเคียงทั้งถั่วงอกต้นหอมหมูตุ๋นและไข่ ถั่วงอกกรอบเคี้ยวมัน หมูตุ๋นก็เนื้อแน่นมันไม่เยอะมาก ส่วนไข่ต้ม เพอร์เฟ็กมากสุดๆ ที่สำคัญคือถูกมาก ชามนึงสั่งมาร่วมๆ ไม่ถึงร้อยเลย คุ้มมาก สำหรับใครที่ชอบราเมนสไตล์ญี่ปุ่นจริงๆ แนะนำครับ PEACE!!!!!",0,wongnai,6.0,"ชม:ดี,สุดๆ; 555; ยืดอักษร; ชม+แย่:รอ,งง",0,469,6,823,
เป็นคาเฟ่เล็กๆ อยู่ตรงทสงเข้าตลาดนัดรถไฟ โดยทั่วไปต้องนั่งพื้น ที่จอดรถปกติสำหรับจอดมอเตอร์ไซด์อยู่ข้างถนน ความสะอาดค่อนข้างน้อย เดินแล้วเหนียวเท้า แมวชอบทะเลาะกัน แต่อุ้มแมวได้ มีขนมของหวาน น้ำต่างๆให้ลองชิม,0,wongnai,0.0,,0,184,6,708,
"ไปมาอีกครั้ง แอบชอบร้านนี้กว่าอีกร้่นดังตรงข้ามนมมนต์

ตกใจ เจอเพื่อนที่อยู่ กทม โดยมะได้นัดหมาย

อาหารก็ยังอร่อย ปราณีตดีตามมาตรฐาน

สั่ง extra avogado มา อโวกาโด้สด อร่อยดี

สั่งโอเพ่นแซนวิชไรมาไม่รู้ ชี้เอาจากในรูปคนอื่นในวงในนี่ล่ะ
จะบอกว่าแอบมีกลิ่นแขกๆอินเดียๆพอควรเลย มีสกีนี่ด้วย อร่อยดี แต่ถ้าใครไม่ถูกกะอาหารอินเดีย เมนูนี้อาจไม่ถูกปากนะครับ

ราคา ก้ออย่างที่รู้ๆไม่ถูก

แต่ก้อหนักแน่นพอสมควร ต้องสคิปข้าวเที่ยงไปเลย

วันนี้คนเยอะ โต๊ะเต็ม..... ออกแนวคึกคักๆๆๆ ไม่ค่อยชิลเท่าที่ควร",0,wongnai,5.0,ชม:ดี; ยืดอักษร; ชม+แย่:รอ,0,325,6,720,
"I ate the cheapest buffet, which has only 2-3 types of pork and beef. But that's not the problem at all. The taste is soft, mild and the soup is so rich and yummy. I chose the sukiyaki soup that goes with raw egg dipping. I normally don't eat raw egg but this is so goooood with beef. Recommended for people who like rich quality beef sukiyaki.
The total price after 10% discount was around 516 THB per person.",0,wongnai,1.0,ยืดอักษร,0,196,6,690,
กลับมาแล้วคือบอกช้า,1,wisesight,0.0,,0,102,6,748,
ได้ยินกิตติศัพท์มานานนจากเพื่อนๆที่มาเที่ยวเชียงใหม่กัน  ว่ามันเด็ดเลยไปลอง  พอไปถึงร้านเห็คนเต็มเลยในใจคิดว่าแย่แน่ๆจะมีโต๊ะไหมเนี่ย ผิดคาดค่ะพอเดินเข้าไปพนักงานแจ้งว่ามีโต๊ะแต่เป็นopen air ก็โอเคค่ะทานได้หมดขอแค่ไม่ร้อนเกิน เดินไปถึงโต๊ะโอ้ววว  โอเคเลยค่ะร้านจัดได้ดีงามนั่งไม่ร้อนมีพัดลมตัวใหญ่ๆอยู่   นั่งสบายเลยย  มองวิวผักที่เค้าปลูกไป จู๋จี๋แฟนไป สบายยยย  หันไปโต๊ะรอบข้างง โอ้โหจานใหญ่ัง เปิดเมนูดูราคาแต่ระอัน ไม่แพงเลยค่ะถ้าเทียบกับขนาดอาหารที่ได้พร้อมทั้งรสชาติที่อร่อยมาก  วันนี้สั่งอาหารมาสามอย่าง สปาเก็ตตี้คาโบนาร่า  สเต็กซี่โครงหมูอบน้ำผึ้งพริกขี้หนู(ไม่แน่ใจชื่อถูกไหมนะคะ) อร่อยมากๆๆๆๆๆๆๆๆค่ะมาสองคนแต่กินเกลี้ยงเลยสองจานนี้พุงเราแทบแตกค่ะ  ส่วนอาหารชุดแพนงไก่  ไม่ป่านอย่างแรงจืดมากอันนี้ไม่แนะนำค่ะ ส่วนเครื่องสั่งน้ำมะนาวกีวี่เมนูใหม่ของร้านอร่อยดีค่ะ แล้วก็ที่ชอบมากๆบราวนี่ปั่นค่ะดูดเกลี้ยงเลยขนาดกละวอ้วนนะเนี่ย  สรุปวันนี้ให้ห้าดาวค่ะชอบทุกๆอย่างงงยกเว้นพะแนงไก่ แต่บวกลบคะแนนแล้วก็ยังอยากให้ห้าเต็มอยู่เพราะดีงามมากจริงๆร้านนี้,0,wongnai,5.0,"ชม:ดี,ดีงาม; ยืดอักษร; ชม+แย่:รอ,นาน,แย่",0,544,6,633,
"ครั้งแรกกับเพลาเพลิน ณ สามชุก เกือบเลยร้าน เพราะอยู่ตรง ยูเทิร์นพอดี 55 ขับเพลินไปหน่อย ใครมาเที่ยวตลาดสามชุกแล้วอยากหาร้านกาแฟ ขนม สเต็ก ร้านนี้มีครบ เมนูไม่มากแต่ก็ครบจบในร้านเดียว ชอบบรรยากาศร่มรื่นของสนามหญ้า กับต้นไม้หน้าร้านดูสงบดีถึงแม้จะติดถนนใหญ่ มีโต๊ะให้นั่งทั้งในร้านแอร์เย็นๆ มีเพลงฟังเบาๆ นอกร้านดูกว้างไม่อึดอัด พร้อมกับมีห้องน้ำบริการด้วย
ร้านนี้เปิดมาประมาณ 10 เดือน มีลูกค้าแวะเวียนมาเรื่อยๆ นะ
มาถึงเมนูวันนี้ จัดวาฟเฟิลคาราเมล สงสัยราดเยอะไป(ไม่เยอะนะยังไม่หมดถ้วยเลย^^) หวานไปนิด วาฟเฟิลยังธรรมดา (มีร้านที่กินแล้วสัมผัสได้ถึงความนุ่มหอมของแป้ง)
สั่งกาแฟลาเต้ร้อน แต่ๆๆๆ ทำไมมันไม่ร้อนอะคะ!! ทางร้านเลยเอาไปเวฟให้สักพักก็มาเสริฟ พร้อมกาแฟร้อนๆควันกรุ่นๆ 55 ดีที่ร้านนี้เสริฟชาร้อนมาด้วยจิบไปพลางๆ ????????
เอาเป็นว่าภาพรวมโอเคค่ะ นั่งเล่น wifi ฟังเพลง เพลินๆไป ผ่านมาก็จะแวะอีกค่ะ",0,wongnai,5.0,ชม:ดี; ยืดอักษร; ชม+แย่:ไม่มา,1,451,6,657,
"ประทับใจทุกรายละเอียด..เป็นร้านที่มีความลงตัวเต็มไปด้วยบรรยากาศที่อยู่รายล้อมท่ามกลางธรรมชาติ..มาถึงนั่งเลยวันนี้มาเป๋นครอบครัวมานั่งปุ๊ปพนักงานรีบเข้ามาถามแนะนำเมนูแนะนำ..สั่งเลยแกงส้มปูไข่,ผัดผักกูด,ผัดเห็ดสามอย่าง,ยำผักบุ้งกรอบ,น้ำพริกป๊ไข่,ห่อหมกมะร้าว
กุ้งอบวุ้นเส้นรสชาติดีค่ะแต่มีกุ้งอบวุ้นเส้นรสชาติจืดไป..แต่ปริมาณและเสริพมาสวยงาม
สำหรับเมนูห่อหมกมะพร้าวรสชาติธรรมดา
เมนูยำผักบุ้งกรอบอร่อยมาก.
ผัดเห็ดและผัดผักกูดอร่อย,น้ำพริกก็อร่อย
แนะค่ะควรมาหากมาถึงระยองแนะนำห้ามพลาดค่ะ..แล้วคุณจะรู้ว่ามันเป็นความพรีเมี่ยมที่ได้มา
ให้คะแนนเต็มห้าเพราะชอบบรรยากาศค่ะ
โดยรวมคือประทับใจและจะต้องมาอีกแน่นอน",0,wongnai,4.0,"ชม:ดี,ประทับใจ; ชม+แย่:รอ",0,400,6,741,
"เกิดอยากจะกินเป็ดปักกิ่งจะเป็นจะตาย พอดีผ่าน The Paseo เลยมาลองทานร้านนี้ดู
-ร้านตั้งอยู่ด้านหน้าเลยค่ะ
-รสชาติเป็ดปักกิ่งปานกลาง แบบไม่ได้ถึงขั้นแนะนำให้มาทานค่ะ เป็ดไม่ค่อยหอมเท่าที่ควร ส่วนพวกข้าวผัดก็รสชาติปานกลางเช่นกัน",0,wongnai,4.0,ชม:ดี; ชม+แย่:ไม่ได้,0,189,6,783,
"วันนี้เรามาทานร้าน Buttercup กับเพื่อนสนิท ร้านบรรยากาศดี สวยยยยยย แต่เสียดายที่ไม่ได้นั่งตรง wall ของร้านที่ประดับตกแต่งสวยงาม แต่ก็บ่ยั้น 555 ขอพนักงานในร้านไปนั่งเพื่อถ่ายรูป ถามว่าอายมั้ย ตอบเรยมว่ามว๊ากกกก 555 ไปร้านนี้สั่งแค่อย่างเดียวเพราะต่างคนต่างลดความอ้วนเลยทานแต่ฮันนี่โทสต์(ตามรูป) อร่อยมากกก กรอบบบบ ใส่ butter น้อย ทำให้ทานแล้วไม่เลี่ยนเหมือนร้านดังที่ทานได้ไม่นาน ก็ไม่ไหวแล้ว ร้านนี้โอเคเรยค่าาาา :D วันหลังคงจะแวะไปทานอย่างอื่นๆอีก น่าจะมีอะไรอร่อยๆให้ทานอีกเพียบค่าาาา
ร้านตั้งอยู่ใต้โรงแรม Amari เพราะฉะนั้นที่จอดรถสบาย ห้องน้ำสะอาดสะอ้าน 
เหมาะกับใคร:เหมาะกับคนที่ไปนั่งทานกะเพื่อน กะคนรัก กะคุนพ่อคุนแม่ ร้านค่อนข้างเงียบนิดส์นึง คือคนเต็มร้านนะ แต่ว่าเค้าคุยกันเบาเชียว ไปนั่งอ่านอะไรชิวๆก็น่าจะเวิร์คน้าาา",0,wongnai,6.0,"ชม:ดี; 555; ยืดอักษร; ชม+แย่:รอ,นาน,เสีย",0,421,6,678,
มากี่ทีๆไม่เข้าใจ เขียนสั้งอาหารพร้อมสั่งข้าวสวยหรือข้าวต้ม แต่ก้อต้องมาบอกบอกซ้ำตอนกับจานที่2 ที่3 มาทุกครั้ง และต้องคอยทวงอาหารตลอด รสชาติดีนะ คนกินเยอะแต่บริการเรื่องเวลาและเซิฟอาหารให้ครบตามที่สั้งต้องปรับปรุงขั้นสุด แต่เรียกเก็บเงินทุกครั้ง มาไวมาก ไม่เข้าใจว่าอาหารไม่มาไวเหมือนตอนเก็บเงิน,1,wongnai,4.0,ชม:ดี; ชม+แย่:ไม่มา,1,209,6,689,
เป็นร้านอาหารที่ดูแสนจะธรรมดา ทั้งการตกแต่ง โต๊ะอาหารและเครื่องมือเครื่องใช้ แต่ต้องมองข้ามไปเพราะความอร่อยของอาหารนี่แหละค่ะ ราคาก็ไม่แพงในระดับตั้งอยู่ในสยาม ก๋วยเตี๋ยวหมูตุ๋นเค้าอร่อยมาก ซุปนี่หอมเครื่องเทศมาก หมูก็นุ่มดีค่ะ ส่วนเมนูข้าวก็ต้องข้าวหน้าไก่เลยค่ะ น้ำข้นหนืบพอดี เนื้อไก่เป็นชิ้นเล็กพอประมาณ ราดลงบนข้าวร้อนๆ อืม เกินบรรยายค่ะ แถมบริการไวมากๆค่ะ นั่งแปปเดียวอาหารขึ้นแล้วค่ะ คนเยอะมาก พนักงานก็เยอะด้วย แต่ความสะอาดของร้านให้ 3 ดาวพอค่ะ ราคากับปริมาณพอๆกันค่ะ ใครรีบเร่งก็แวะมาทานได้ค่ะ,0,wongnai,1.0,ชม:ดี,0,310,6,818,
"มาเป็นครั้งที่2เพราะติดใจหม้อไฟจีน น้ำซุปกระดูกหมูและน้ำซุปเห็ดรวม
มาครั้งนี้ลองน้ำซุปเสฉวน รสชาติเข้มข้น ใส่พริกแห้งลอยมาเต็ม ห้ามลองตอนยังไม่เดือดเพราะจะตักเจอแต่น้ำมันต้องรอจนเดือดเสียก่อน ในน้ำซุปมีเม็ดอะไรสักอย่าง เคี้ยวไปแล้วจะรู้สึกซ่าที่ลิ้นและปาก มีรสเปรี้ยวติดปลายลิ้น ถ้าชอบแปลกๆก็ควรลอง ไม่รับประกันความอร่อย555
แต่ถ้าชอบความอร่อยมาตรฐานนุ่มนวลก็น้ำซุปกระดูกหมูเลยค่ะ
บะหมี่กระดูก ใช่ได้แต่เส้นนุ่มไปหน่อย น่าจะเหนียวนุ่มกว่านี้สักนิด
ไก่แช่เหล้า อร่อยดี  
เสี่ยวหลงเปา แห้งไปหน่อย ไม่มีน้ำซุปไหลโจ๊กๆแต่รสชาติใช้ได้
ขาหมูเฉสวน เนื้อนุ่มเปื่อยได้ที่
ปลาผัดพริกเกลือ ไม่ผ่าน ใช้ปลาดอลรี่",0,wongnai,6.0,"ชม:ดี; 555; ยืดอักษร; ชม+แย่:รอ,เสีย",1,392,6,721,
ร้านนี้ตั้งอยู่เยื้องกับหลังโรงพยาบาลหาดใหญ่ ขายอาหาร กับข้าว อาหารจานเดียว มีเค้กและกาแฟสดด้วย บรรยากาศร้านติดแอร์นั่งสบายดี คนไม่เยอะ ไม่พลุกพล่าน เครื่องดื่มอร่อย กีวี่โซดาหอมกลิ่นกีวี่ชัดเจน ขนมเค้กมีให้เลือกเยอะแต่ไม่ได้ลอง,0,wongnai,4.0,ชม:ดี; ชม+แย่:ไม่ได้,0,195,6,646,
วันอังคาร สมอลเพลสลดครึ่งราคา ถึงหกโมงเย็น เครื่องดื่ม ซื้อหนึ่งแถมหนึ่งถึงสามทุ่ม ลองแล้วอร่อยคะ วันนี้นั่งข้างบน สวย เย็น ดูดีที่สุด ตกแต่งแบบบ้านไม้ไฮโซว์สมัยรัชกสลที่5 มีดนตรีเบาๆ ชอบเลยคะ รอบหน้าจานั่งข้างบนนะ,0,wongnai,5.0,"ชม:ดี,ที่สุด; ยืดอักษร; ชม+แย่:รอ",0,191,6,673,
คือต้องบอกว่าก่อนจะเขียนรีวิวนี้ เราแวะไปร้านนี้มาหลายรอบแล้ว รสชาติใช้ได้เลย ราคาอาจจะสูง แต่ถ้าเทียบกับคุณภาพแล้วถือว่าคุ้ม บราวนี่ที่แพ็คกล่องอร่อยทุกรสเลย เจ้าของร้านก็น่ารัก เป็นกันเองกับลูกค้ามากๆ,0,wongnai,4.0,ชม:คุณภาพ; ชม+แย่:รอ,0,183,6,542,
มาถึงรอบนี้ไม่ต้องกลัวใครแล้ว !! #ฟุตบอลไทย #smmsport #ไทยลีก4 #T4 #ช้างเอฟเอคัพ2017 #เจแอลเชียงใหม่ยูไนเต็ด,0,wisesight,0.0,,0,139,6,693,
"มากินร้านนี้ทุกครั้งที่มาเชงเม้งครับ สิบกว่าปีแล้วโดยประมาณ ปกติจะมากินแต่เช้า 7 โมงตลอด

จอดรถได้ริมถนนหน้าแบงค์กรุงเทพ เดินเข้าซอยมาก็จะเจอเลย ที่นั่งหน้าร้านมีประมาณ 20 ที่แน่นๆ แนะนำว่า
- ให้กินก๋วยเตี๋ยวน้ำครับสำหรับร้านนี้ เพราะเป็นสูตรที่ใส่ปลาหมึกลงไป รสจะหวานพิเศษ (มีกลิ่นปลาหมึกบางๆ)
- ลองหมูบะช่ออร่อยดีครับ
- ส่วนเส้นเฉยๆ ปกติ",0,wongnai,4.0,"ชม:ดี,เทพ; ชม+แย่:ช้า",0,248,6,784,
"ด้วยเวลาสี่ทุ่มกว่า หลังจากออกกำลังกายเสร็จ แถวถนนหนามแดงหาของอร่อย ๆ กินยากมาก ครูเม้งเลยขับออกมาทางถนนกิ่งแก้ว-คลองขุด .. จากสี่แยกคลองขุด วิ่งฝั่งขาเข้าไป 300 เมตร ก่อนถึงหมู่บ้านณุศาสิริและปั๊มน้ำมันเอสโซ่ จะเจอร้านก๋วยเตี๋ยวโฮเด้งอยู่ซ้ายมือ ป้ายไฟสีเหลือง

ให้ลองสังเกตว่ามีรถแพง ๆ แวะเข้ามากินเรื่อย ๆ รสชาติก๋วยเตี๋ยวที่นี่ ก็เหมือนก๋วยเตี๋ยวเนื้อน้ำตกเข้ม ๆ ทั่วไป แต่ที่เด็ดของที่นี่คือ ไส้วัวที่ไม่คาว ไม่เหนียว และเนื้อเปื่อยที่เคี่ยวตุ๋นจนนุ่ม กัดขาดง่าย ไม่ติดฟัน เสียดายให้มาน้อยชิ้นจนนึกว่ากำลังกินราเมง

อีกอย่างที่อร่อยของที่นี่ คือกระเทียมเจียวที่เจียวเอง ไม่ชุ่ยเหมือยหลายเจ้าเดี๋ยวนี้ที่ซื้อจากตลาดเอา คนขายก็ใจดีให้อย่างไม่อั้นด้วยสิ",0,wongnai,4.0,ชม:ดี; ชม+แย่:เสีย,1,403,6,820,
"ร้าน Amazon ในปั๊ม ปตท. มี 3 เมนูใหม่มาให้ลองชิมกันในช่วงหน้าร้อนแบบนี้ 
- Hot Orange กาแฟร้อนผสมกลิ่นส้ม แก้วละ 55 บาท
- Orange Latte กาแฟเย็นลาเต้ผสมกลิ่นส้ม แก้วละ 70 บาท 
- Black Orange Soda Popz กาแฟดำผสมโซดาและกลิ่นส้ม แก้วละ 65 บาท รสชาติอร่อยซ่าโซดา สดชื่นดีเหลือเกิน แต่พอกาแฟดำมาผสมกับโซดาและกลิ่นส้มอ่อนๆ รสชาติเหมือนกลิ่นควันไฟแบบว่าเหมือนทานควันไฟจากกลิ่นไก่ย่างอะไรแบบนั้นเลยค่ะ อร่อยสดชื่นแบบแปลกๆ ดีค่ะ

เมนูประจำที่ไม่เคยพลาดถ้าเข้าร้าน Amazon เมนูชาเขียวนมสดปั่น แก้วละ 55 บาท ยังอร่อยเข้มข้นชาเขียวหวานมันเหมือนเดิมค่ะ

แก้วสุดท้าย ชามะนาว แก้วละ 45 บาท เปรี้ยวจี๊ดสะใจ สดชื่นขึ้นมาทันทีหายเหนื่อจากการเดินทางเลยค่ะ",1,wongnai,4.0,ชม:ดี; ชม+แย่:หาย,1,397,6,742,
"ร้าน Tinee Eatery Workshop ตั้งอยู่ในซอยศรีวรา ทาวน์อินทาวน์ 4 ขับเข้าไปในซอยสักหน่อยก็เจอร้านแล้วค่ะ เปิดบริการทุกวันเวลา 09.00-18.00 น.สามารถจอดรถได้ที่หน้าร้านค่ะ
บรรยากาศร้าน ภายนอกจะเป็นตึกอิฐสีส้ม ภายในก็ยังคงตกแต่งเป็นอิฐและผสมผสานไม้ ให้ความรู้สึกอบบอุ่นดีค่ะ เหมาะแก่การพักผ่อนมากๆค่ะภายในร้านมี 2 ชั้นค่ะ ชั้นล่างเป็นร้านอาหาร ส่วยชั้น 2 เป็นที่เรียนทำขนมค่ะ
ที่นี่มีบริการทั้งอาหาร เบเกอรี่และเครื่องดื่ม ชา กาแฟค่ะ
เมนูอร่อย
สตูว์เนื้อโคขุน, ชิกเก้นปาร์มาและเครื่องดื่มอย่างเฟรบเป้มอคค่า(100 บาท)
รสชาติอาหารอร่อยมากค่ะ เพราะมีเจ้าของร้าน ที่เคยเป็นเชฟระดับโรงแรมห้าดาว การันตีความอร่อยค่ะ และราคาไม่แพง
การบริการของที่นี่ดีเยี่ยม พนักงานบริการดีมาก ประทับใจเลย",0,wongnai,4.0,"ชม:ดี,เยี่ยม,ประทับใจ; ชม+แย่:รอ",0,376,6,819,
"แถบนี้ร้านอาหารเยอะมากจนเลือกไม่ถูก เดินวนไปมา เจอร้านนี้เป็นร้านเนื้อทอดหน้าตาดูดี เมนูน่ากิน หน้าร้านมีบอกว่าได้ลงนิตยสาร dancyuด้วย ยิ่งเพิ่มความอยากกิน

เมนูแบ่งเป็น3เซต เล็ก เนื้อ50กรัม กลาง 100กรัมใหญ่ 150กรัม แล้วก็ชนิดของเนื้อ จะมีทั้งเนื้อวากิว และเนื้อปกติ มากับข้าวสลัด และซุปด้วย

รสชาติเนื้อกรอบนอกนุ่มใน อร่อย จิ้มกับนำ้จิ้ม3แบบที่ให้มา ยิ่งเข้ากัน

พนักงานพูดภาษาอังกฤษได้ขั้นดีมาก ไม่ต้องกลัวว่าจะงงกับเมนู",0,wongnai,4.0,"ชม:ดี; ชม+แย่:รอ,งง",0,273,6,603,
ความรู้สึกถึงโรงภาพยนตร์ลิโด เมื่อค่ำคืนสุดท้ายที่โรงภาพยนตร์สแตนด์อโลนแห่งนี้ได้เวลาปิดฉากลง และนี่คือบันทึกสุดท้ายระหว่างแฟนๆ ผู้บริหาร และเจ้าหน้าที่ที่ได้บอกเล่าถึงความผูกพันตลอด 50 ปี ชมคลิปเต็มได้ที่ http://ow.ly/1Kzz30kiazq #Lido #LidoForever #TheStandardVDO #TheStandardCo,0,wisesight,0.0,,0,204,6,715,
นาวาร่าจะแปลงเป็นเบนซ์ก็คงไม่แปลก ทีเอเวอร์เรสยังใว่กระจังมัสแตงเลย,1,wisesight,0.0,,1,129,6,710,
ได้ยินชื่อเสียงมานานนมสำหรับร้านนี้ที่ใครๆก็ว่าอร่อย อยากลองหลายทีแล้วมีโอกาสหน่อยเลยต้องจัดสักที ร้านนี้อยู่ในศูนย์การค้า ซีดีซี เลียบทางด่วนเอกมัยรามอินทรา เป็นร้านเล็กๆ เล็กจริง มีโต๊ะนั่งอยู่ไม่มาก แต่แน่นอนเรื่องนิวยอกชีสเค้ก สั่งมาหนึ่งชิ้น ทานไปคำแรก แบบปลาบปลื้มมาก อร่อยอะ ติดใจเลย แต่พอทานไปสักครึ่งชิ้นจะเริ่มมีอาการแอบเลี่ยนขึ้นมาแล้ว ทานไม่หมดชิ้น บอกตรงๆ เริ่มไม่ไหว แต่อร่อยมากนะอยากแนะนำ สตอเบอรี่ก็รสชาติดี แนะนำให้สั่งชามาทานด้วย ช่วยแก้เลี่ยนได้ดีเลยแหละ พนักงานน่ารัก แนะนำดี ราคาก็ร้อยกว่าบาทค่ะ,0,wongnai,4.0,"ชม:ดี; ชม+แย่:นาน,เสีย,ไม่มา",0,325,6,735,
"ootoya สาขานี้ตั้งอยู่ที่ paradise park ชั้น3 สาขานี้ไม่ใหญ่มาก แต่ตกแต่งสวยงามที่นั่งโปร่งนั่งสบาย บรรยากาศดี สบายๆ

วันนี้สั่งมา2 เมนูทานกับเพื่อนคนละเซต
- คัตสึโทจิ 
เป็นทงคัตสึตุ๋นมากับซุปปลาแห้ง รสชาติเข้มข้น ไม่เค็มมากเท่ากับมิโสะ รสชาตินุ่มมัน อร่อย
- ไก่ทอดซอสเปรี้ยวหวาน
จานนี้เพื่อนชอบทานมาก เพราะ ไก่ทอดหวานเปรี้ยว รสเข้มข้น ซอสเหนียวๆ ไก่น้อยชิ้นไปหน่อย แต่มีผักนุ่มๆใส่มาเยอะ ชุ่มซอส

ถ้าสั่งทานเป็นเซตสามารถเติมข้าวไม่อั้นด้วย เซตนึงไม่ถึง 300 บาทแต่ไม่รวม vat/scครับ ราคาสูงหน่อย แต่คุ้มค่าจริง ทานบ่อยครับ",0,wongnai,1.0,ชม:ดี,0,344,6,818,
"บอกแล้วไงถ้าจะหาผม มาพบกันได้ไม่ยากคือต้องที่นี่เลย Starbucks  แต่จะเป็นที่ไหนนั้นก็คงตอบยากเพราะร้าน Starbucks นั้นมีทั่วไปแทบทุกพื้นที่ๆพลุกพล่านในเมืองไทย 

ร้าน Starbucks สาขานี้เป็นสาขาไม่ใหญ่มากนักมีที่นั่งไม่มากนัก จะนั่งนานมากนักก็รู้สึกเกรงใจลูกค้าใหม่ๆที่เข้ามาใช้บริการ แต่เอกลักษณ์ข้อดีของ Starbucks ก็ยังคงไว้เหมือนเดิม ทั้งการบริการ รสชาติของกาแฟและแอร์ที่เย็นเฉียบ

ทั้งสามอย่างนี้จึงเป็นจุดแข็งที่กาแฟนี่ห้ออื่นๆไม่สามารถเอาชนะได้ง่ายนัก!",0,wongnai,4.0,"ชม:ดี; ชม+แย่:นาน,ไม่มา",0,267,6,847,
"เราชอบขนมร้านนี้ แม้คนจะทะลักตลอดเวลา แต่ขนมเค้าดีจริง อร่อยจริง ก็ต้องยอม

ที่จอดรถมีน้อยมากต้องยื้อแย่ง ถ้าในซอยไม่มีให้วนออกไปหาหน้าปากซอยดู

การรอคิวประมาณ 10 นาที ขนาดมาช่วงบ่ายคนก็ยังเยอะมากจริงๆ มีที่นั่งแบบ in door และ out door เราได้แบบนั่งข้างใน แอร์เย็นสบาย

เครื่องดื่มที่สั่งคือ คาราเมลคัสตาร์ด พุดดิ้ง คือมันหอม มันอร่อยมาก ลงตัวมาก ที่สุดแล้วแก้วนี้ แนะนำค่ะ

ขนม เราสั่งเป็น ช็อคโกแลต ลาวา บิงซู อันนี้ก็ที่สุดของความอร่อย น้ำแข็งเกล็ดละเอียด ราดด้วยช็อคโกแลตเข้มข้น มันหอม มันฟิน คือดีอ้ะ

ร้านก็ตกแต่งน่ารัก พนักงานบริการดี ติดอย่างเดียวคือ น้ำที่ให้ไปกดฟรี ใช้น้ำถังขาว ซึ่งมันไม่สะอาด เราดื่มแล้วเจ็บคอเลย เซ้นซิทีฟเกินคอเรา ถ้าเปลี่ยนได้จะเพอร์เฟ็คเลยค่ะ ร้านสวยและดีอยู่แล้วค่ะ",0,wongnai,4.0,"ชม:ดี,ฟิน,ที่สุด; ชม+แย่:รอ,แย่",0,405,6,769,
"ร้าน Yakiniku บรรยากาศดี ราคาไม่แพง
ผมเลือกแบบอาหารชุด รายการอาหารที่ผมสั่งมีดังนี้
ชุดหมูสุดคุ้ม - 250
เนื้อใบพาย - 140
กุ้งมังกร - 190
น้ำเปล่า - 20
โดยเนื้อที่นำมาเสิร์ฟ ชิ้นใหญ่ คุณภาพดีสมราคาครับ
ทีเด็ดเป็นกุ้งมังกรตัวใหญ่ เนื้อแน่น จิ้มกับน้ำจิ้มซีฟู๊ตแล้ว ฟินมากๆ",0,wongnai,4.0,"ชม:ดี,ฟิน,คุณภาพ; ชม+แย่:รอ",0,217,6,697,
"เปรี้ยวปากอยากกินอะไรเผ็ดๆ เลยลองแวะมาลองอาหารอิสานที่ร้านตำซี๊ดส์ อยู่ถนนเส้นเลี่ยวเมืองหนองมนเยื้องๆ กับครัวชนบท ร้านนี้ดัดแปลงจากร้านเค้กเก่า บรรยากาศเลยดูน่ารักไม่เหมือนส้มตำ มีมุมน้องแกะด้วย แบ่งโซนนั่งห้องแอร์ และนั่งที่สนามหญ้าด้านนอกได้บรรยากาศดี สั่งอาหารมาชิมหลายอย่าง
         - ส้มตำซี้ดส์ 120 บาท เป็นส้มตำปูม้าเพิ่มมูลค่าโดยใส่ไข่ปูด้วย ได้รสสามรสกลมกล่อมดี
         - ลาบแซลม่อนวาซาบิ 150 บาทแซลม่อนยังเย็นๆ ได้รสชาติวาซาบิฉุนเบาๆ รสชาติเปรี้ยวนำ
         - ยำหอยหวาน 120 บาท หอยสด น้ำยำรสจัดดี
         - แหนมกระดูกหมูทอด 80 บาท รสชาติดี
         - ต้มแซบกระดูกอ่อน 150 บาท รสจัดจ้าน อร่อยดี
         - ส้มตำปู+ปลาร้า จานละ 60 บาท สั่งมา 2 จาน เผ็ดกัยไม่เผ็ด รสชาติเปรี้ยวไป
         - ยำคอหมูย่างชีส 90 บาท คอหมูรสชาติหวานเค็ม ตัดน้ำยำเปรี้ยวหวาน กินกับชีสเค็มๆ เข้ากันอร่อยดี
         - ปีกไก่ทอด 80 บาท มี 4 ชิ้น แพงไปนะจานนี้ รสชาติธรรมดา
  >>> รสชาติอาหารส่วนใหญ่ออกเปรี้ยวนำหรือจะเป็นคอนเซปร้านที่ต้องซี๊ดส์ ?? <<<",1,wongnai,5.0,ชม:ดี; ยืดอักษร; ชม+แย่:รอ,1,552,6,686,
"พนง.ดูงงๆ รอเตานานมากต้องทวงถาม เบียร์มาไม่เย็นเลย สั่งเนื้อมาย่างก็ไม่ค่อยสดและเหนียว ทานแล้วกลับบ้านมาท้องเสียอีกด้วย

โดยรวมคิดว่าราคาเท่านี้ ควรไปหาร้านอื่นที่อร่อยและได้นั่งในห้องแอร์สบายๆดีกว่าค่ะ",0,wongnai,4.0,"ชม:ดี; ชม+แย่:รอ,นาน,เสีย",1,184,6,750,
"มาเที่ยวภูเก็ตถึงสนามบิน8โมงเช้านั่งรถเข้ามาถึงในเมืองประมาณเกือบ10โมง ถามพี่ที่ให้เช่ารถเค้าบอกร้านนี้อร่อย เลยมาลองดู มีเมนูเยอะดีค่ะ เราเดินไปเลือกแบบชี้มั่วๆเลย สักพักเค้าก็เอามาให้ที่โต๊ะ รสชาติดีเลยค่ะ(สั่งชาเย็นกินด้วยอร่อยมากกก) แต่ถ้ามาเช้ากว่านี้น่าจะดีเพราะตอนเราไปแดดออกแล้วแรงมาก ร้อนอยู่เหมือนกัน 
ทั้งหมดเรากินไป 300กว่าบาทค่ะ สิบกว่าเข่ง จำไม่ได้ว่าเข่งละเท่าไหร่",0,wongnai,5.0,"ชม:ดี; ยืดอักษร; ชม+แย่:ช้า,ไม่ได้",0,260,6,698,
วันนี้พบกับบูธของเราที่เซ็นทรัลอีก 1 วันนะคะ...สนใจชมรถ ISUZU MU-X Cartoon Network แวะมาชมกันได้เลยค่ะ ^_^,0,wisesight,1.0,ยืดอักษร,0,137,6,839,
สเต็กร้านนี้เค้าอยู่คู่คนไทยมานานพอสมควรนะค่ะ ตั้งแต่มุกอยูม.ต้น ก็กินแต่สเต็กร้านนี้ (เมื่อก่อนตัวเลือกไม่มาก เหมือนสมัยนี้) ราคาเริ่มต้น 299++ จุดเด่นอยู่ที่สลัดบาร์ เพราะมันฟรีไง ตักได้ไม่อั้น ส่วนตัวชอบตัก ซุปต้มยำ กินกับพาสต้า (ดัดแปลงเมนูขึ้นมาเอง 555),0,wongnai,2.0,555; ยืดอักษร,0,210,6,668,
ซื้อดีลไปลองแล้วคุณจะไม่ผิดหวัง ซอสสูตรลับจากฝรั่งเศส ที่เข้มข้น มิติของรสชาติที่ซับซ้อน แปลกๆในคำแรกแต่พอยิ่งกินยิ่งอร่อยเป็นอย่างมาก ช่วงนี้มีดีลกับวงในแนะนำซื้อสำหรับมื้อกลางวันไปกิน ราคาถือว่าถูกมากกกก เนื้อขนาดนี้กับราคาแค่สี่ร้อยกว่าบาท ! และเฟรนช์ที่มีเติมได้ไม่อั้นนั้นก็อร่อยมาก ถ้าไม่ห่วงเรื่องอ้วนคงกินกันจนไม่มีให้เติม !,0,wongnai,5.0,"ชม:ดี; ยืดอักษร; ชม+แย่:ผิด,ผิดหวัง",0,233,6,579,
"รูปอาจจะดูรกๆหน่อยนะคะไปกันหลายคน กว่าจะครบคนและเริ่มสั่งอาหารก็หิวมากแล้ว​ จ้วงกันไวมากค่ะ​ แถมเราเองหิวมากกลืมถ่ายแต่ละเมนูที่ทานแบบซูมๆมา มีแต่เป็ดปักกิ่งอันที่3-4​นึกขึ้นได้ถ่ายมารูปนึง

ร้านนี้เป็นร้านอาหารปักกิ่งเก่าแก่ของที่นี่  เปิดมา​ 50 กว่าปีแล้วนะคะ ถ้าจะมาควรจะโทรมาจองล่วงหน้าค่ะ ตอนเราไปถึงทุ่มตรงเป๊ะ แถวที่นั่งยังว่างพอสองทุ่มไปแล้วเต็มทุกโต๊ะ และแน่นมากกก 

เมนูที่ทานกันเมื่อคืน เริ่มที่เด็ดๆก่อนเลย

-เป็ดปักกิ่ง หนังกรอบกริ๊บเลยค่ะ เนื้อนุ่ม​หอมหวาน แผ่นแป้งที่ห่อก็บางและเหนียวนุ่มอีกนั่นแหละ ใส่แตงกวา​ ต้น​หอมญี่ปุ่น​ ราดซอสหน่อย  โอ้ววววว.. อร่อยเหาะมาก​ค่ะ​ มานี่ต้องห้ามพลาดร้านนี้ด้วยประการทั้งปวง

-หมูผัดเปรี้ยวหวาน​ แป้งชุบมาบางๆ ทอดกรอบๆ ผัดกับซอสเปรี้ยวหวานรสชาติดีมากกก จานนี้ก็อร่อยค่ะ

- ข้าวผัดใส่เนื้อเป็ด ข้าวเด้งๆผัดมาดีรสเข้มข้น 

-เกี๊ยวซ่า​ อันนี้ให้แค่ 4 ดาวนะ​คะ​ แป้งหนาไปนิดนึง แต่ไส้ข้างในอร่อยมากก

-กุ้งกะทะร้อน ราดลงถาดควันโขมง กุ้งตัวใหญ่ เนื้อหวานสดเด้งมากค่ะ ซอส​ที่ใส่มา​รสชาติ​คล้ายๆกับซอสเปรี้ยวหวานจานบน อร่อยยย​

-ปอเปี๊ยะ​ทอด​ ทอดมากรอบๆ ใส้ข้างในเยอะมากกก ปรุงรส​มา​อย่างดี​ จานนี้ก็อร่อยย 

-จานนี้เพื่อนบอกชื่อมาแล้วจำไม่ได้ เป็นหมูสับผัดกับเห็ดและเม็ดมะม่วง เอามาห่อในผัก รสชาติดีแต่ไม่ค่อยเข้มข้นเท่าไหร่ 

- scallop roll ใส่ขึ้นไช่ ข้างในไส้อร่อยแต่แป้งข้างนอกหนามากค่ะ

- ผัดบล็อคคอลี่ แข็งไปหน่อย​  ซอสไม่ค่อยเข้มข้น ทานกันไม่หมด

เหล้า​ liquor ที่เห็นในเมนูลองสั่งไปหลายอย่างเลย แล้วบอกไม่มีนะคะ​ น่าจะเอาออกจากเมนูเครื่องดื่ม ร้านนี้เบียร์และไวน์เท่านั้นค่ะ

พนักงานชายจะบริการดีมากค่ะ เอาใจใส่คอยเดินมาเติมเครื่องดื่มให้ตลอด ยิ้มแย้มแจ่มใส​ / พนักงานหญิงหน้าจะนิ่งๆ

บรรยากาศ​ร้านนี้ไม่มีอะไรตกแต่งเป็นพิเศษมากี่ทีๆก็เหมือนเดิม อย่าได้สนใจค่ะ​ มุ่งไปที่อาหารอย่างเดียวพอ

มารอบหน้าคงได้กลับมาซ้ำอีกร้านนี้

ราคาต่อหัวของเมื่อคืน จะหารกันอยู่ที่​ 250​เหรียญนิดๆค่ะ",0,wongnai,5.0,"ชม:ดี; ยืดอักษร; ชม+แย่:รอ,ไม่ได้",0,943,6,1037,
"ชั้นล่างของตึกประสานมิตรพลาซ่า มีร้านอาหารญี่ปุ่นที่ขายทั้งเมนู A La cart และเมนูบุฟเฟ่ต์ ซึ่งวันนี้จะขอลองเมนูบุฟเฟ่ต์ชูชิ & ซาชิมิ ซักหน่อย

อาหาร: คุณภาพของเนื้อปลาถือว่าใช่ได้เลยที่เดียวเมื่อเทียบกับราคาเท่านี้ มีเมนูหลากหลายให้เลือก

การบริการ: ดูเหมือนจะไม่ค่อยทัน แม้ว่าพนักงานดูเร่งรีบแล้วแต่การรับบริการก็ยังช้าอยู่ดี

บรรกาศ: ตกแต่งร้านแบบกลางๆ ดูไม่ได้มีอะไรโดดเด่นเป็นพิเศษ บรรยากาศทั่วๆไปก็โอเค",0,wongnai,4.0,"ชม:ดี,คุณภาพ; ชม+แย่:ช้า,ไม่ได้",0,262,6,4310,
ร้านขนม ร้านคาเฟ่สัตว์เลี้ยงจิ้งจอก หนู แมว แรคคูน เป็นร้านคาเฟ่สวนสัตว์ที่มีสัตว์เยอะพอสมควร จิ้งจอกวิ่งไปวิ่งมากไม่ค่อยอยากให้จับให้เล่น น้ำสตอเบอรี่โซดา โซดาแน่นมาก ซ่ามากแอร์หนาวมาก คนเยอะมากเดินเข้าออกตลอดเวลา พนักงานบริการดูแลดี ในการพูดคุยถึงสัตว์เลี้ยงและการดูแลร้าน ใครที่ชอบสัตว์เลี้ยงก็น่าจะลองมาดู,0,wongnai,1.0,ชม:ดี,0,241,6,824,
หลังจากทานข้าวที่ร้านไม่มีชื่อแล้วก็เดินเล่นมาเรื่อยๆผ่านหลังจวนไปทางวงเวียนปลาพะยูน เดินผ่านร้านนี้เห็นบรรยากาศดี มีลูกค้าด้านนอกประมาณ 3 โต๊ะ เดินเข้าไปสั่งของด้านในร้านและจ่ายเงินที่เคาน์เตอร์ เค้าจะไปเสริฟที่โต๊ะ เดินมานั่งรอด้านนอกยุ่งอย่างเยอะ เค้ามียาทากันยุงให้นะแต่เอาไม่อยู่ 55 ต้องรีบทานรีบไป สั่งเครปบานอฟฟี่กับโกโก้ร้อน เครปรสชาติดี โกโก้ก็อร่อย ที่นี่มีชาร้อนบริการตัวเองฟรีด้วยนะ,0,wongnai,4.0,ชม:ดี; ชม+แย่:รอ,0,263,6,574,
รีโว่ต้องเหยียบครัชแล้วจึงสตาทติดเครื่องได้..เค้าออกมาเพื่อป้องกันเข้าเกียค้างไว้ป้องกันรถพุ่งออกไปในขณะเข้าเกีย,0,wisesight,0.0,,0,142,6,579,
MG รถมันคุ้มจริงๆ แต่เห็นใช้จริงรถมี defect เยอะเหมือนกัน เคยเกือบถอย MG3 ละ 5555 ค่ายนี้ให้ระวังเรื่องศูนย์บริการเพราะช่างไม่ค่อยเก่ง และเบิกอะไหล่นาน,1,wisesight,6.0,ชม:เก่ง; 555; ยืดอักษร; ชม+แย่:นาน,1,156,6,504,
เห็นร้านเปิดใหม่ ก๋วยจั๊บเมืองทอง ตรงข้ามวัดผาสุข มีข้าวหมูแดงหมูกรอบขาย หมูกรอบเป็นจานก็มีครับ รสชาดน้ำซุปใช้ได้ หมูกรอบมันน้อย เส้นแข็งไปนิด โดยรวมใช้ได้ครับ แต่ได้ยินโต๊ะข้างๆ สั่งข้าวหมูกรอบ บอกว่าถ้าใช้ข้าวหอมมะลิ.จะดีกว่านี้ สงสัยใช้ข้าวสวยธรรมดามั้ง ครั้งหน้าจะลองสั่งดูครับ ใครมาลองก่อนช่วยเขียนบอกด้วยนะครับ ว่าข้าวเขาปรับปรุงหรือยัง,0,wongnai,4.0,ชม:ดี; ชม+แย่:รอ,0,250,6,820,
"มาวันนี้เพราะมีที่มา ปกติผมก็ใช่ว่าจะเป็นคนชอบทานสายหวานจำพวกขนมหรือน้ำผลไม้อะไรอยู่แล้ว แต่เหตุที่มาวันนี้เพราะได้รับแจ้งจากวงในเชียงใหม่ว่ารูปของเราได้ Photo of the day ก็เลยอาสาไปรับเองที่ออฟฟิตก็แล้วกัน จะได้ไม่ต้องส่งไปที่บ้าน เพราะไม่รู้ว่าเมื่อไหร่จะได้ขึ้นมาอีก ทางทีมงานแจ้งมาว่าอยู่แถวๆ โครงการราชดำเนิน หาเท่าไหร่ก็หาไม่เจอ สรุปแล้วโครงการนี้อยู่ตรงข้ามประตูท่าแพ (ด้านใน) นั่นเอง เลี้ยวรถเข้าถนนไป โครงการนี้อยู่ทางขวามือ ร้านนี้อยู่ด้านหน้าโครงการเลย จอดรถแล้วพี่ รปภ. บอกว่า ต้องซื้อของในโครงการแล้วปั้มบัตรจอดรถถึงจะจอดฟรีครับ ไม่งั้นเสีย 50 บาท ร้านนี้เลยรับเคราะห์ไป 5555 เป็นที่มาของเครื่องดื่มแก้วนี้ครับ

     จอดรถแล้วก็เอาให้คุ้มหน่อยสั่งเป็นสตอเบอรี่ปั่น แก้วละ 59 บาท แก้วสวยดูดีมีระดับ รสชาติก็ค่อนข้างชอบเลยอร่อย ชอบมาก ปั่นมาจอดเนียน ไม่เปรี้ยวหรือหวานจนเกินไป สดชื่นขึ้นมาทันที วันนี้ขอเป็นสายหวานสักวันนึงครับ

     ปล.เป็นเพียงการแสดงความคิดเห็นส่วนบุคคลจากการทานในวันนี้และอ้างอิงกับร้านลักษณะเดียวกัน ถูกปากผม อาจจะไม่ถูกปากคุณ ชิมเอง จ่ายเอง บ่นเองจ้า (#970)",0,wongnai,6.0,"ชม:ดี; 555; ยืดอักษร; ชม+แย่:รอ,เสีย",0,503,6,828,
การ์นิเย่ สกิน แนทเชอรัลส์ ไมเซล่า วอเตอร์ ลบเครื่องสำอางค์ได้ทันใจวัยรุ่น สุดยอด โอ้วพระเจ้าจอร์จมันยอดมากกกกก ไม่มีส่วนผสมให้ระคายเคืองผิว ให้ผิวแอบงอนโมโหจนขึ้นสิว มั่นใจผลิตภัณฑ์การ์นิเย่ เพราะอุดหนุนตลอดค่ะ,1,wisesight,2.0,ชม:สุดยอด; ยืดอักษร,1,194,6,675,
"นึกถึงร้านสไตล์ Izakaya หรือร้านที่เสิร์ฟอาหารปิ้งย่างเสียบไม้แบบญี่ปุ่น [Yakitori] ร้าน Nagiya ที่มีอยู่หลายสาขาคงอยู่ในท็อปลิสต์ใช่ไหมครับ? วันนี้มีน้องที่เคยทำงานด้วยกันแวะมาเยี่ยมจากออสเตรเลีย พวกเราเลยมาร้านนี้ [จริงๆ มาบ่อยมาก] เมนูที่มากี่ครั้งก็สั่งอาจจะเดิมๆ แต่เคยมีคนบอกไว้ว่ากินอะไรที่ไหนไม่สำคัญ สำคัญที่กินกับใครตะหาก

เอาไว้เป็นช้อยส์มากับเพื่อนหรือคนรู้ใจหลังเลิกงานนะครับ วันนี้สั่ง ตับ หัวใจ กึ๋น ลิ้น ไก่ย่าง เบคอนห่อชีสย่าง มันหวาน ซูชิ โอ๊ย อร่อยเหาะยิ่งแกล้มกับอาซาฮีแก้วโตด้วยเหอะ ไม่พลาดนะครับไม่พลาด

ร้าน Nagiya อยู่ที่โครงการ  Nihonmachi ชั้น 1 สุขุมวิท 26 ติดกับ K-Village นะครับ

#travelingsunday #Nagiya",0,wongnai,4.0,ชม:เยี่ยม; ชม+แย่:เสีย,0,372,6,708,
"ร้านบิงซูบนห้างชั้นบนสุด(ชั้นโรงหนัง) เดินเข้ามาจะเป็นโซนอาหารทั้งหมด ร้านบิงซูอยู่ด้านหน้าสุด 

เมนูขายดีน่าจะเป็น Mango Cheese Bingsu เพราะเดินเข้ามาเจอคนสั่งmangoเต็มไปหมด 

ร้านค่อนข้างร้อนตอนเข้ามาแต่กินไปเรื่อยๆ ก็หนาวไปเอง????",1,wongnai,2.0,ชม:ดี; ยืดอักษร,1,187,6,683,
"วันนี้หิวมากกกก เห็นร้านนี้น่ารักเลยรีบขับปรู้ดเข้าไป ในร้านตกแต่งน่ารักดีค่ะ แต่วันนี้ไม่มีข้าวขายค่ะ

สั่งกาแฟมอคค่าปั่น- รสชาดก็โอเค ธรรมดาทั่วไป

ฟาร์แกะค่าเข้า50บาท ในฟาร์มีทั้งแกะ ปลาคราฟ กระต่าย ม้า ไก่ นก มีให้อาหารสัตว์ด้วยค่ะ อย่างละ30บาท  สนุกดีค่ะ แต่ร้อนมากกกกกกกกกก ต้นไม้ใหญ่ๆไม่ค่อยมี ต้นยังเล็กๆกันอยู่ เราว่าช่วงกลางวันน่าจะมีที่บังแดดเป็นช่วงๆบ้าง หรือเปิดพัดลมใหญ่ให้พัดๆรอบๆบ้างค่ะ กว่าแดดจะร่ม เรานี่หน้ามืดเลย สถานที่สวยนะคะ น่ารักทุกจุดเลย ลองมากันนะคะ",0,wongnai,5.0,ชม:ดี; ยืดอักษร; ชม+แย่:รอ,1,315,6,559,
"อาหารรสชาติอร่อยพนักงานบริการดี




                                                                                                                              ิ้",0,wongnai,2.0,ชม:ดี; ยืดอักษร,0,112,6,724,
"ร้านชาบู และซูชิ คุณภาพดี ราคาหัวละ 690฿ Net ถือว่าคุ้มมากเพราะทางร้านใช้ของคุณภาพดีทั้งนั้น ถ้าไปทานแบบ a la cart เสียมากกว่านี้แน่นอน

[บรรยากาศในร้าน]
ร้านสะอาด แอร์เย็นสบาย ห้องน้ำก็สามารถแต่เสียที่มีแค่ ชาย/หญิง อย่างละ 1 ห้อง

[การบริการ]
ก่อนจะเข้ามาทานได้โทรสอบถามที่ร้านก่อนว่ามีโต๊ะว่างไหม จะขอจองก่อน แต่ทางร้านบอกไม่รับจอง ก็โอเคไม่เป็นไรอย่างน้อยโต๊ะยังว่าง พอมาถึงก็มีโต๊ะว่างจริงๆ พอเข้าไปในร้านต้องเดินหาโต๊ะเอง พนักงานไม่สนใจ แต่พอมีลูกค้าอีกกลุ่มเดินตามเข้ามา พนักงานกลับเดินไปสอบถามลูกค้าที่มาทีหลังก่อน เราเลยเลือกโต๊ะนั่งกันเอง พนักงานเลยเดินเข้ามาบอกว่าโต๊ะนี้มีคนจองแล้ว โซนนี้ติดกันยาว 20 ที่ ถ้าจะนั่งโต๊ะใหญ่ต้องด้านหลังร้าน (อ้าว...ตอนเราโทรมาจอง บอกไม่รับจอง เพราะเราจองแค่ 5 ที่ หรือยังไง?) สุดท้ายก็นั่งโต๊ะนั้นแหละแต่พนักงานงานแจ้งว่าเราต้องออกก่อนเวลานี้เพราะลูกค้าที่จองไว้จะมา ยังไงเราก็ทานเสร็จก่อนเวลาอยู่แล้วเลยยืนยันที่จะนั่งโต๊ะนี้ เสียความรู้สึกนิดๆถ้าไม่รับจองก็ไม่ควรรับจองเหมือนกันหมด ไม่ใช่ทำแบบนี้ การบริการในร้านทำได้ดี สั่งอาหารไปได้หมดไม่มีหาย ถึงจะมีช้าบ้างจนนึกว่าลืม

[คุณภาพอาหาร]

- ชาบู
 วันนี้ทานน้ำซุปสุกี้ยากี้ หวานอร่อย แต่น่าจะมีผงชูรสพอสมควร ทานเสร็จคอแห้งเหนียวเลย เพราะซดเข้าไปเยอะมาก ผักสดและมีให้เลือกเยอะ หลายขนาด เช่น ผักกาดขาว กวางตุ้ง หอมใหญ่ ต้นหอมญี่ปุ่น สาหร่ายวากาเมะ เส้นบุก วุ้นเส้น ลูกชิ้น เต้าหู้ เห็ดต่างๆ
 หม้อนึง สามารถเลือกได้ 2 อย่าง และมีกาใส่น้ำซุปมาใหัเราใส่เพิ่มเองอีก 2 กา สะดวกมาก

- ซูชิ
สด คุณภาพดี ข้าวอร่อย ไม่ได้ให้มาเยอะแบบกะอัดข้าวให้เราอิ่ม เนื้อใหญ่หนาจนปิดข้าวมิดเลย วาซาบิสด

- ของทอด
ไม่มีทำทิ้งไว้ เลยต้องรอนานมาสมควร แต่แลกมาด้วยของใหม่ ทอดมากรอบๆ ไม่อมน้ำมัน เช่น กุ้งเทมปุระ ผัดเทมปุระ โคโรเกะ ไก่ทอด

- ของหวาน และผลไม้
มีหลากหลาย ตักแบ่งเป็นชิ้นเล็กๆใส่จานไว้ในตู้เย็น เช่น เต้าหู้ในน้ำชาเขียว/ชานม เค้ก พานาคอตต้า แตงโม สัปปะรด มีขวดวิปครีมให้เราบีบเอาได้วางไวัในตู้เย็นเลย

- ไอศครีม
ไอศครีมที่นี่จะเปลี่ยนไปเรื่อยๆ เป็นรสแนวผลไม้ วันนี้ทานรสมะม่วง สดชื่นดี ไม่หวานหรือเปรี้ยวจัด

- เครื่องดื่ม
ราคานี้รวมเครื่องดื่มหมดแล้ว จึงสามารถทานได้หมด ชาเขียว น้ำพันซ์ น้ำส้ม(ไม่สด) น้ำอัดลม ชา กาแฟ ช็อกโกแลต สามารถกดจากเครื่องอัตโนมัติได้เลย",0,wongnai,5.0,"ชม:ดี,คุณภาพ; ยืดอักษร; ชม+แย่:รอ,นาน,ช้า",1,1011,6,631,
"ร้านเล็กเลือดหมู อยู่เส้นพระราม 2 ขาลงใต้ พิกัด gps คือ 13.5348939,100.2155342 ก็จะประมาณเลยมหาชัย ข้ามแม่น้ำท่าจีนมาแล้ว สังเกตง่ายๆ จะอยู่ระหว่างปั๊ม ปตท. ใหญ่ๆ สองปั๊มค่ะ ปกติถ้าลงเส้นนี้จะไปแวะปั๊ม ปตท. ที่มีสารพัดร้านฟาสต์ฟู้ด รอบนี้เห็นร้านมีรถจอด ดูร้านสะอาดสะอ้านดี ก็เลยลองแวะดู ร้านมีที่จอดรถหน้าร้านค่ะ

ร้านมีขายข้าวราดแกง ต้มเลือดหมู เนื้อตุ๋น หมูตุ๋น ไก่ตุ๋น ขาหมู ราคาเริ่มต้นที่ 40 บ. 

ได้ลอง 

ข้าวราดแกงสองอย่าง (40 บ.) ลองผัดเห็ด กับหมูทอด ผัดเห็ดอร่อยดีค่ะ ออกเค็มๆ หวานๆ หมูทอดก้อนโต แต่เนื้อในแดงเชียวอะ รสชาติธรรมดาค่ะ 

เกาเหลาเนื้อตุ๋น (50 บ.) เนื้อตุ๋นนุ่มมากค่ะ ให้เยอะด้วย เนื้ออร่อยค่ะชอบ แต่น้ำซุปเค็มเกินไป

ติดใจผัดเห็ด ซื้อกลับบ้านด้วย ถุงละ 40 บ. และก็ลองซื้อไก่ตุ๋นกลับบ้าน ถุงละ 50 บ. ไก่ตุ๋นนุ่มมากๆ อร่อยดีค่ะ แต่น้ำซุปเค็มเกินไปอีกเช่นกัน รวมๆ ทานได้ค่ะ",0,wongnai,4.0,ชม:ดี; ชม+แย่:รอ,0,476,6,817,
"เวลาไม่รู้จะกินอะไรหรือว่าแปลกที่เราก็จะนึกถึงร้านที่เราเคยกินแบรนด์ที่ปลอดภัยไว้ก่อนก็คือร้านนี้ เอสแอนพีอยู่ปิยรมโบลว์เข้ามาอยู่ขวามือที่จอดรถสะดวกสบาย ผู้คนพลุกพล่านร้านอยู่มุมติ่งแยกต่างหากจากตัวตึกแต่บริเวณเดียวกัน
อาหารไก่ย่างโอชา กินสาขาอื่นรุ้สึกว่าเนื้อไก่มันสดกรอบกว่านี้นะ
ส่วนวุ้นเส้นแซลม่อนย่างเค้าว่าเปรี้ยวไปหน่อย
น้ำปั่นมีโปรลดเหลือหกสิบบาท กินมะนาวปั่นเปรี้ยวโดดไม่ให้ผ่าน
ร้านแต่โอเครแอร์เย็นสะอาดสะอ้าน ดี๊ดี",0,wongnai,4.0,ชม:ดี; ชม+แย่:รอ,1,299,6,925,
Lipstick สวยๆจาก Clinique เป็นLip และ Primer ไปในตัวค่ะ สีlava pop สวยเจิดจรัสมาก มาในแพ็คเกจสุดหรู พร้อมกล่อง ราคาแค่ 490 บาท บ้านเราแพงมากค่ะ made in Belgium จ้า Clinique Lava Pop Lacquer No.02 St206-8,0,wisesight,0.0,,1,162,6,715,
ข่าวไม่เท็จหรอก แต่สังคมเขาไม่โอเค ธนาคารก็รีบออกมาชี้แจงชัดเจนแล้วนะครับ ลูกค้า scb ยังคงสามารถใช้สมุดบัญชีเงินฝากได้ปกติ และล้มนโยบายนี้ไป ขอบคุณ scb ที่รีบชี้แจงได้รวดเร็วครับ,0,wisesight,1.0,ขอบคุณ,1,173,6,1911,
"เห็นมีโฆษณาเมนูใหม่
เลยแวะไปลอง
ดูในเมนูเพิ่มขึ้นเยอะเลย
-กลุ่มสปาเก็ตตี
-อาหารว่าง
-เครื่องดื่ม

วันนี้ได้ลอง
-คาปาลินี่ผัดแซลม่อนรมควันไข่กุ้ง
อร่อยเลยเส้นเล็ก ปรุงรสมาพอดี แต่เสียดายมันไปและไข่กุ้งสุก
-ซีซ่าสลัด
ธรรมดาไม่แย่ค่ะ
-พลัมโซดา 
มาเกร๋ๆ บ้วยมาในรูปน้ำแข็ง ก่บโซดาชื่นใจดี

ปล. มาช่วงสิ้นปี ได้ลดหย่อนภาษีได้ด้วย",0,wongnai,4.0,"ชม:ดี; ชม+แย่:เสีย,แย่",0,267,6,1101,
คือไปลองรองพื้นใหม่ของ dior พนง.ก็หยิบรองพื้นมาป้ายหน้า ป้ายไปป้ายมา นางหันมาบอก เสียใจด้วยนะคะ หน้าน้องขาวกว่ารอง…,0,wisesight,0.0,,1,145,6,738,
"ผมไปตั้งแต่วันเปิดร้านเลยครับ ไปถึงตอนเช้า เค้ายังทำพิธีเปิดกันอยู่ ยังไม่ให้บริการลูกค้า
กลับมาวันรุ่งขึ้น โดนป้า Cat วิวตัดหน้าไปซะงั้น เฮ้ออ เลยลืมเขียนรีวิวตั้งแต่วันนั้น ถึงวันนี้

ร้านอยู่ถนนลงอ่างศิลา ติดกับร้าน Coffee My Car 

เค้ามีขนมขายสารพัดนะครับ มีให้ลูกค้าทดลองชิมกันฟรีๆด้วย แค่เดินชิมไปก็อิ่มแล้วละ อิอิ

น้ำสมุนไพร - มีหลายอย่างนะ เก๊กฮวย มะตูม น้ำผึ้งมะนาว และอีกหลายอย่าง ขายขวดละ 25 บาท
แต่ช่วงแรกขาย 5 ขวด 100 ครับ ตอนนี้ไม่รู้หมดหรือยัง น้ำผึ้งมะนาวอร่อยสุด หวานเปรี้ยวชื่นใจดี

ขนมจีนแกงเขียวหวานไก่ - อร่อยใช้ได้ครับ ชุดละ 45 บาท เข้มข้นดี

ข้าวไข่พะโล้ - เสริฟมากับข้าวกล้อง จานนี้รู้สึกว่าจะเค็มไปนิดนะ 

แฮ่กึ๊น - จานนี้ไม่ผ่านครับ มันคล้ายเป็นแป้งทอดมากกว่า ยังห่างไกลความอร่อยพอสมควร

รวมๆแล้ว ที่นี่เขาเน้นขายขนมมากกว่าครับ มีขนมเยอะแยะ หลากหลายชนิด ราคาก็สูงเหมือนกัน",0,wongnai,4.0,ชม:ดี; ชม+แย่:ช้า,0,450,6,749,
"สวัสดีค่ะพี่ๆชาววงใน :) 
วันนี้มีโอกาสไปเดินเล่นแถวสามย่านมา ก็ได้ผ่านหน้าร้าน April Store ซึ่งเป็นร้านเล็กๆน่ารักๆสไตล์ zakka ไม้ๆ 

อันดับแรกเมื่อเปิดประตูเข้าไปในร้านก็ได้กลิ่นหอมของเบเกอรี่ หอมมากเลยค่ะ :) 
ร้านจะเล็กๆหน่อย มีโต้ะข้างในค่อนข้างเบียดๆกัน นอกจากนี้ยังมีของขายกระจุกกระจิกสไตล์ zakka
เพื่อเป็นการค่าเวลา เลยสั่งมะนาวโซดากับช้อคโกแลทชิพสคอนทาน 

• รสชาติ
มะนาวโซดารสชาติจี้ดมากกกกค่ะ ดื่มแล้วพุ่งปรี้ดได้เลย เข้มมากกก
ช้อคชิพสคอน ส่วนตัวคิดว่าอร่อยดีค่ะ หอม ชอบแยมที่ให้มาทานเคียง อันนั่นอร่อยมากๆ 

แต่สิ่งที่ไม่ประทับใจเลย*คือ การบริการค่ะ ไม่แน่ใจว่าวันนี้พี่ผู้หญิงที่ตัดผมสั้นๆเขาอารมณ์เสียหรืออย่างไร หน้าตาไม่ยิ้มแย้มรับแขกเลยค่ะ พูดจาห้วนๆ* สายตาไม่เต็มใจ เจอแบบนี้ก็เสียความรู้สึกนะคะ บอกตามตรง. คนในร้านขณะนั้นก็มีโต้ะเราอยู่โต้ะเดียว ไม่น่าจะเป็นเรื่องที่ทำให้หัวเสียแต่อย่างใด ก็แอบคาดหวังไว้นะคะว่าพนักงานคงจะน่ารักเหมือนกับร้าน เก็บเงินคือเก็บ  ถ้าได้ยินคำว่าขอบคุณสักนิดคงจะทำให้ลูกค้าชื่นใจและอยากจะมาใหม่ค่ะ นี่นั่งในร้านไปก็รู้สึกอึดอัดยังไงก็ไม่รู้. แต่ส่วนพี่ผู้ชายมารยาทดีค่ะ
(ปล.วันนี้ไปทานกับผู้ใหญ่ด้วยค่ะ ผู้ใหญ่ก็แอบรู้สึก)",1,wongnai,6.0,"ชม:ดี,ประทับใจ; ยืดอักษร; ขอบคุณ; ชม+แย่:เสีย",1,589,6,644,
"ร้านนี้เปิดใหม่ไม่นาน บรรยากาศน่านั่งครับ เลยแวะมาลองซักหน่อย

สั่งเส้นใหญ่ดู๋ดี๋กระดูกอ่อน(50฿)มาทาน รสชาติหวานไปนิดนึงแต่ และกระดูกอ่อนไม่ใช่กระดูกอ่อนจริงๆคือแข็งมากกัดไม่เข้า อาจจะต้องปรับปรุงเรื่องวัตถุดิบ และรสชาติ

การบริการ ตอนมานั่งมีแค่สองโต๊ะ(11:20) แต่ดูเหมือนพนักงานยังไม่ค่อยพร้อมทำงานเท่าที่ควร ต้องรอซักพักจึงจะมีเมนูมาให้เลือก แต่อาหารใช้เวลาทำไม่นานครับ

ถ้าพนักงานเพิ่มการทักทายได้จะน่านั่งกว่านี้อีกครับ

โดยรวมถือว่ากลางๆ พอนั่งได้ถ้าไม่มีร้านอื่น
บรรยากาศร้านดีอย่างเดียว ราคาสูงไปนิด เมื่อเทียบกับรสชาติ ปริมาณและคุณภาพของวัตถุดิบ",0,wongnai,4.0,"ชม:ดี,คุณภาพ; ชม+แย่:รอ,นาน",0,338,6,575,
มันเมา ขวดลีโอเสียบอยู่หน้ารถ เห็นกันไม๊ ? เบียร์วุ้นด้วย 555 ก็ถึงบอกไง หนีตามหน้าที่ 555 ถ้าโดนกระบองตี คริปนี้ไม่มีให้ดูแน่นอน,1,wisesight,2.0,555; ยืดอักษร,1,150,6,732,
"กลับจากต่างประเทศ เข้าบ้านปุ๊บ เปลี่ยนชุดแล้วออกล่าหาอาหารไทยกินทันที ด้วยความคิดถึง ตอนแรกกะจะไปกินส้มตำที่อีกร้านให้สะใจ แต่สมาชิกลงเสียงขอเป็นร้านนี้ ด้วยหน้าที่สารถีและคนจ่ายตังที่ดี ต้องไม่บ่น ไม่ง่วง(แต่ขับไปจะหลับไป????????) มาถึงร้านท่ามกลางฝนกำลังพรำๆ  แต่ลูกค้าก็ยังเยอะดีทีเดียว เพราะเป็นช่วงเย็นวันอาทิตย์
จริงๆชื่อร้านริมเขื่อนนี่มีที่มาที่ไปจากสมัยนานหลายปีดีดัก สมัยที่ปลาตีนยังพากันเริงร่าแหวกว่าย ???????? รอให้คนไปเชยชม ร้านอาหารเหล่านี้จะตั้งแผงขายกันอยู่แถวริมเขื่อนในศาลากลางนั่นแล แต่หลังจากมีการปรับภูมิทัศน์ เพื่อให้เป็นแหล่งพักผ่อนหย่อนใจ และสร้างเขื่อนซีเมนต์ที่ทนทานการกัดเซาะของน้ำทะเล???? ร้านในแถบนี้ก้อระเห็จเร่ร่อนไปอยู่ในโซนที่เรียกว่าศูนย์การค้า(ร้าง)ปากน้ำ และยึดทำเลทองมาจนทุกวันนี้
เมื่อเข้าร้านได้ ด้วยความที่คนเยอะจึงต้องใช้วิชานินจาที่ฝึกฝนมาหลบหลีกฝูงชนระหว่างรอ พนักงานจัดแจงเอาโต๊ะมาลงให้อีก 1 โต๊ะแบบกระเบียดกระเสียร(แต่ก้อต้องชมล่ะ เพราะไม่ต้องรอโต๊ะนาน) หลังจากเลือกรายการอาหารแล้ว สั่งไปหลายๆอย่าง ใช้เวลาไม่นานก็ทยอยมาจนครบเลย
##ส้มตำไทย 40 บาท ของเด็ก ไม่ใส่พริก รสชาติ เปรี้ยวๆหวานๆ เส้นมะละกอกรอบใช้ได้                             ##ส้มตำปูม้า 80 บาท ได้ปูม้าตั้ง 2 ตัวแหนะ เปรี้ยว หวาน เผ็ด กำลังดี อร่อยได้ใจ หลังจากอยากมานาน
##ข้าวผัดปู 60 บาท นี่ก้อของเด็กเหมือนกัน ผัดมาแห้งอยู่ เนื้อปูให้มาพอสมควรเลย แต่รสชาติจืดๆ ไม่เข้มข้น ต้องตักทานคู่กับกับข้าวถึงจะดี
##โป๊ะแตก จำราคาไม่ได้ แต่ให้เครื่องเยอะดี ส่วนรสชาติน้ำต้มยำจืดไปหน่อย ชามนี้มีดีที่เครื่อง
##กุ้งแช่น้ำปลา 100 บาท กุ้งสด หวาน อร่อย แต่น้ำจิ้มธรรมดา ยังไม่ซี้ดนัก แต่ก้ออร่อยใช้ได้                                             ##ยำหอยนางรม 80 บาท มาอย่างแรกเลย ตักทานกันเพลิน หอยตัวไม่ใหญ่ แต่ได้เยอะ รสชาติน้ำยำโอเค เค็มๆเปรี้ยวๆเผ็ดๆ สะใจ น้ำลายและน้ำตาตกตลอดระหว่างที่กิน
##รวมมิตรทะเลเผา 220 บาท ให้มาปริมาณคุ้มค่า ย่างมาได้แห้งดีเลย แต่น้ำจิ้มยังธรรมดาไม่เด่นเท่าไหร่
ทานไปหมดนี่ รวมเครื่องดื่มแล้ว 700 นิดๆ เรียกว่ากินอย่างคุ้ม จนอิ่มกันทุกคน รสชาติอยู่ในเกณฑ์ค่อนข้างดีเลย ถ้าเทียบกับหลายๆร้านใหญ่แถวบ้านที่เคยทาน ถึงแม้บรรยากาศจะชวนคลื่นเหียนสักหน่อย(อยู่ใกล้คลองและกองขยะ????????) แต่ถ้าทำใจไม่คิดมากก็มาลองกันได้เลย",1,wongnai,5.0,"ชม:ดี; ยืดอักษร; ชม+แย่:รอ,นาน,เสีย",1,991,6,703,
"ร้านนี้จะอยู่ก่อนถึงท่าเรือปากบาราที่นำพาเราๆ ไปเกาะหลีเป๊ะและอื่นๆ
ซึ่งย่านนี้จะมีร้านอาหารทะเลมากมาย เลือกได้ตามใจชอบ
ซึ่งครัวริมเบไม่ทำให้ผิดหวังในเรื่องของบรรยากาศ รสชาติอาหารและความหลากหลาย
อาหารรสจัดจ้านดี อร่อยๆ
แต่ถ่ายรูปไว้ไม่หมด จริงๆ มีเยอะแยะกว่านี้
เอาเป็นว่าไม่ผิดหวังแน่นอนถ้าเลือกครัวริมเล
(เป็นร้านอิสลาม แปะป้ายหน้าร้านเลยว่าห้ามดื่มเครื่องดื่มแอลกอฮอล์และห้ามน้องหมา แต่ในร้านมีน้องแมวนะ)",0,wongnai,4.0,"ชม:ดี; ชม+แย่:ผิด,ผิดหวัง",0,276,6,711,
"หลังจากย้ายร้านไปเอกมัย 
เราก็ยังตามไปกินเรื่อยๆ 
ชาบูอร่อยคงที่ดี พนักงานบริการดี 
แต่ซูชิปลาไหล ไม่ไหวนะ 
ทำไมชิ้นมันเล็กลงขนาดนี้ 
เคยไปกินเมื่อ 2-3 เดือนที่แล้ว 
กับไปเมื่อวันที่ 23 ธ.ค 58 
มันต่างกันมาก เหมือนเอาหางๆ มาให้
ทำม้ายยย ผิดหวัง",0,wongnai,5.0,"ชม:ดี; ยืดอักษร; ชม+แย่:ผิด,ผิดหวัง",1,206,6,677,
"ร้านนี้อยู่ในโลตัส ศาลายา ชั้นล่าง โซนอาหาร ใกล้ประตูด้านหน้า 
~ ชานมไข่มุก สามารถเลือกระดับความหวานได้ตามต้องการ ไข่มุกเนื้อเหนียวนุ่มเคี้ยวหนุบหนับดี รสชาติออกทางกลิ่นนมมากกว่ากลิ่นชาในระดับหนึ่ง

**สรุปว่า ถ้ามาโลตัสศาลายา แล้วอยากทานชานมไข่มุก ร้านนี้น่าจะเป็นตัวเลือกลำดับแรกครับ",0,wongnai,1.0,ชม:ดี,0,217,6,755,
"กลับจากทำธุระแถวนี้ครับ หิวโซมาก ผู้บังคับบัญชาการบ้านบอกโจทย์มาว่าอยากกินอาหารรสจัดๆ ไม่เอาฟาสต์ฟู้ด ผมที่ทำท่าจะแวะแมคโดนัลด์ Drive thru สั่งแมคสไปซี่ให้ก็แฉลบออกเข้าจอดรถทันทีครับ เห็นป้ายร้านนิตยาไก่ย่างมาหลายครั้งแล้ว ไม่ได้เข้าไปซองซะที รอดแล้วครับผม 
 ช่วงบ่ายๆแก่ๆมากๆในร้านมีลูกค้าอยู่ 2 โต๊ะ อาหารที่สั่งเลยเสิร์ฟเร็วครับ สั่งไก่ย่างตามที่พนักงานแนะนำ กับต้มแซ่บซี่โครงอ่อน มาเป็นหม้อไฟเดือดๆ ส้มตำกุ้งสด กุ้งสดจริงๆครับ มาดิบๆนอนแผ่มาบนส้มตำ รสชาติออกอ่อนไปนิดสำหรับส้มตำ ยำปลาหมึก ปลาหมึกสดปานกลาง ยำรสเผ็ดตัดกับเปรี้ยวชัดเจน ถ้ามีเด็กมาด้วยอาจจะต้องขอให้ทำรสชาติอ่อนลงอีกนิดนะครับ ที่น่ารักคือผักสดๆแช่มากับน้ำแข็งผักเลยทั้งสดทั้งกรอบเลยครับ ไก่ย่าง ถ้าชอบแนวแห้งๆน่าจะชอบกัน ส่วนผมทานได้ครับแต่ชอบแบบย่างมาฉ่ำๆมากกว่า น้ำจิ้มแจ่วอร่อยดี โดยรวมใช้ได้ครับนิตยาไก่ย่าง",0,wongnai,4.0,"ชม:ดี; ชม+แย่:รอ,ไม่ได้",0,476,6,720,
"วันก่อนไปเดินสยาม หลังจากห่างหายไป ประมาณ 6 เดือน
เดินทางด้วยรถไฟฟ้า ออกทาง Digital Gate Way แล้วเจอร้านนี้อยู่ที่ ชั้น 3

เจอเจ้าของร้านด้วย น่ารักค่ะ แนะนำว่า Red Velvet Cupcake เป็นเค้กช็อกโกแลต แต่งหน้าด้วยครีมชีส เมนูแนะนำของทางร้านเลยลองซื้อทานดู แล้วก็ไม่ผิดหวังจริงๆ เพราะเนื้อเค้กนุ่ม หอม ไม่แห้ง หวานกำลังพอดี ราคาก็ไม่แพงด้วย 

ส่วนเพื่อนชายชอบเค้กแครอทค่ะ ได้สุขภาพหน่อยแล้วไม่ค่อยหวาน ไม่มีกลิ่มแครอดเลยค่ะ เนื้อชุ่มไม่แห้งเช่นกัน

น้ำเราสั่ง Pink Lemonade กับ Ice Milk Tea อย่างละแก้วค่ะ

ประทับใจเค้กร้านนี้มาก จะกลับไปซื้อบ่อยๆ เลย

ขออนุญาตก๊อบรูปจากเว็บเค้ามาให้ดูนะคะ เพราะถ่ายมาเองแล้วไม่สวย",0,wongnai,4.0,"ชม:ดี,ประทับใจ; ชม+แย่:รอ,ผิด,หาย",0,342,6,718,
ช่วงนี้อยากลองไอศกรีมรสชาติใหม่ๆที่ไม่เคยทานมาก่อน จึงลองหาร้านไอศกรีมดู จบลงที่ร้าน ETE เป็นร้านที่มีบรรยากาศดี ไอศกรีมมีหลายรส รสชาติก็ไม่แพงจนเกินไป รสไอศกรีมที่มาลองวันนี้คือ Mint Chocolate ทีเลือกเพราะสีสีนดูน่ากินดี พอกินคำแรกรู้สึกรสชาติเหมือนยาสีฟันเลย เย็นๆหอมกลิ่นมินต์ในปาก แต่พอกินไปเริ่มได้รสช็อกโกแลตหวานๆช่วยตัดกลิ่นมินต์ได้บ้าง กินไปรู้สึกรสชาติมันเข้ากันดีเหมือนกัน แปลกใหม่ดี,0,wongnai,1.0,ชม:ดี,0,289,6,684,
"เพื่อนที่ชลบุรีบอกว่า ต้องมาร้านนี้ มันไม่เหมือนก๋วยจั๊บที่กรุงเทพเลย ตอนเราไปเรียนกรุงเทพเราเจอก๋วยจั๊บกรุงเทพเราช๊อคเลย ต้องปรับตัวอยู่นาน
อืมมม ลองดูก็ได้ ร้านเป็นเพิงข้างทาง ก๋วยจั๊บ35บาท พอสั่งเสร็จมีคนเอากระป๋องเบียร์มาวางไว้ที่โต๊ะ กําลังจะบอกว่าไม่ได้สั่งเบียร์ ใครจะไปกินแต่เช้าวะ แต่พอดีเหลือบไปเห็นก่อนว่า จริงๆแล้วมันคือแก้วนํ้า โหย คิดได้ไงใช้กระป๋องเบียร์แทนแก้ว 
บรรยากาศร้านมีเสน่ห์แบบร้านข้างทางทั่วไป มีกลอนบรรยายถึงความตั้งใจในการบริการ มียิมโปเกมอนด้วย โหย คนชลบุรีไปเอาdragoniteมาจากไหนฟะ 
แล้วก๋วยเตี๋ยวก็มาถึง ร้านนี้ไม่มีทิชชู่ให้นะ ลืมบอก จังหวะที่ช้อนจิ้มลงไปในชาม เราถึงกับร้อง หุ!! ไมมันเหลวจังวะเส้น เชื่อละว่าไม่เหมือนกทม. นํ้าซุปไม่ร้อนเกินไป เหมาะกับอากาศร้อน หวานๆกําลังดี หมูกรอบแห้งดี หมูสับละเอียดและนิ่มดี ปลาบปลื้มกับความอิ่มราคา40 บาท ที่ไม่ต้องคิดเรื่องความสะอาดความสะดวกใดๆ ถูกและดี อิ่ม ฟินนนน!",1,wongnai,5.0,"ชม:ดี,เทพ,ฟิน; ยืดอักษร; ชม+แย่:รอ,นาน,ช้า",1,481,6,840,
"ผมเคยมากินตอนปีใหม่ครับ เพิ่งมีโอกาสมาเขียนรีวิว ถ่ายรูปแล้วลืมไว้เรย
ร้าน Midwinter green ที่ปากช่องนี้ เป็นร้านเดิมของ The Smoke House ที่เพิ่งปิดไปครับ 
กลับมาใหม่ในรูปแบบร้านเดิม แต่เหมือนเปลี่ยนผู้บริหาร พ่อครัว ไม่แน่ใจเหมือนกัน

แต่เมนูอาหารเปลี่ยนแปลงครับ 
มีเมนูน้อยลง 
มาดูเรื่องรสชาติกัน
จะยกตัวอย่างเมนูที่ชอบนะครับ
คอหมูย่างจิ้มแจ่วครับ คอหมูย่าง เนื้อนุ่ม ไม่เหนียว ย่างแบบมีน้ำมีนวล รสชาติหวาน ๆ เค็ม จิ้มกับน้ำจิ้มแจ่ว และน้ำจิ้มซีฟู้ด ก้ออร่อยใช้ได้ ทั้ง 2 ตัวเลย

อ่อ ๆ ยังไม่หมด ร้านนี้ยังมีขนมปังเป็นออเดิฟ ฟรีให้ลูกค้าทุกตัวเหมือนเดิม
ครัวซองยังอร่อยเหมือนเดิมครับ กรอบนอกนุ่มใน หอมเนยมาก ๆ ชอบ อร่อยเหมือนเดิมครับ",0,wongnai,4.0,ชม:ปัง; ชม+แย่:รอ,0,369,6,591,
"วันก่อนผ่านมาเส้นนี้สะดุดตาที่ชื่อป้ายร้านใหญ่มากค่ะจะแวะทานร้านดันปิดซะแล้วคงจะเย็นไป
วันนี้เลยกลับมาทานอีกครั้งหนึ่ง เห็นป้ายคัทเอาท์ใหญ่ เชิญชวนให้ลองข้าวมันไก่ตอนเลยจัดมา 1 จาน 
สั่ง
ข้าวมันไก่ตอน บะหมี่เกี๊ยวหมูแดงและซุปกระดูก มาเริ่มที่...
ข้าวมันไก่ค่ะ ข้าวหอมมากหุงได้ดีนิ่มไม่แข็ง ไก่ไม่เป็นแบบทุบๆแบนๆ
เนื้อแน่นเต็มปากเต็มคำ ได้ข้าวเยอะดี น้ำจิ้มเป็นแบบเปรี้ยวๆเผ็ดๆอร่อยไปอีกแบบนึงค่ะ 
บะหมี่เกี๊ยวหมูแดง บะหมี่เส้นแบนลวกได้นิ่มดีค่ะ ส่วนเกี๊ยวก้อใช้เป็นแผ่นเกี๊ยวหยก ห่อกันสดๆ แล้วนำไปลวกในน้ำร้อนๆ แต่อาจจะลวกนานไปนิดทำให้ตัวเกี๊ยว เละไปนิดหนึ่ง แต่ก็โอเคเลยค่ะ น้ำซุปหอมหวานอร่อยแต่หมูแดงส่วนตัวแล้วเราชอบแบบฉ่ำๆ อันนี้นิ่มแต่มันไม่จุ๊ยส์มันแห้งๆไปนิดนึงแต่ไม่แข็งนะคะ แต่ก็ถือว่าโดยรวมใช้ได้เลย
 ซุปกระดูกได้มายังเยอะอลังการเต็มชามกระดูกชิ้นโตมีเนื้ออย่างเยอะเลยค่ะแทะเล็มจนเพลิน น้ำซุปหอมหวาน
ที่ร้านมี wifi ให้ใช้ฟรีและมีป้ายคำกวนกวนๆคําน่ารักๆไว้ให้ลูกค้าถ่ายเซลฟี่แอพโซเชียลกันด้วยนะคะ
ยังไงก็ลองแวะมาทานกันได้นะคะอยู่เส้นสันกำแพงสายเก่าตรงข้ามปั๊มบางจาก",0,wongnai,5.0,ชม:ดี; ยืดอักษร; ชม+แย่:นาน,0,575,6,903,
"โรตีอร่อยมากค่ะ หอมเนย กรอบนิดนึงพอดีๆ กินกับกุรุหม่าอร่อยมาก ไม่หวานเลี่ยน
ซุปหาวัวก็อร่อยค่ะ
ดูเหมือนน้อย แต่ตอนลุกนี่ อิ่มกลิ้งมากค่ะ

(มาเพื่อตั้งใจทานอาหารแนวอิสลามนะคะเลยไม่ได้ลองอาหารไทยอื่นๆ ไว้คราวหน้าค่ะ)",0,wongnai,4.0,"ชม:ดี; ชม+แย่:รอ,ไม่ได้",0,199,6,658,
"Bingsu สั่งแบบ mix fruit มา ราคาค่อนข้างสูง 350 บาท ไอศครีมรสอื่นหมด เหลือรสชาเขียวรสเดียว รสชาติบิงซูหวานโดยไม่ต้องใส่น้มข้นหวานเพิ่ม  บิงซูน้ำแข็งเนียนละเอียด ละลายในปากได้เลย

เมื่อ like and share facebook fanpage พร้อมถ่ายรูปกับเมนูใดก็ได้ในร้าน แชร์และตั้งเป็น public รับฟรี blue hawaii  แต่รู้สึกรสชาติเฉยๆ ธรรมดา ไม่ได้โดดเด่นอะไร

ราคาโปรโมชั่นตอนนี้ ลดราคา 50% แต่ยังไม่รวมค่า service charge และ vat อีก",0,wongnai,4.0,ชม:ดี; ชม+แย่:ไม่ได้,0,249,6,815,
"ร้านนี้อยุ่หลังตลาดสามแยกค่ะ(บางคนเรียกตลาดสันทราย แต่คนสันทรายจะเรียกตลาดสามแยก)
สังเกตุไม่ยาก หน้าร้านจะมีคนออกกันอยุ่
ร้านนี้เป็นร้านขนาด 1 คูหา มีโต๊ะให้บริการสำหรับทานในร้านแค่ไม่กี่โต๊ค่ะ 
ราคาจะมี พิเศษ 25 บาท บิ๊ก 30 บาทค่ะ
ร้านนี้เปิดให้บริการ 7.15 น.ค่ะ ไปก่อนไม่ขาย ไม่เกินเที่ยงก็หมดแล้ว ส่วนใหญ่ซื้อกลับสะดวกกว่าเพราะโต๊ะในร้านมักจะเต็ม ไปทีไรหน้าร้านไม่เคยว่าง บางทีท้อเปลี่ยนใจไม่กินเพราะขี้เกียจรอคิว...แต่ที่นี่เค้าทำเร็วนะคะ รอไม่นานเท่าไหร่ นอกเสียจากว่าจะเจอสั่งเซทใหญ่ตัดหน้า ฮ่าๆๆ
ข้าวมันไก่ข้าวจะชุ่มๆไม่แห้งแต่ก็ไม่เละ  รวมๆรสชาติดีค่ะ ไก่นุ่ม น้ำซุปเข้มข้นดี (ออกเค็มๆ) น้ำจิ้มสั่งกลับบ้านเค้าแยกพริก-ขิงให้ค่ะ",0,wongnai,5.0,"ชม:ดี; ยืดอักษร; ชม+แย่:รอ,นาน,เสีย",0,386,6,558,
"ศิลปะบนจาน ความงามที่ต้องลั่นชั๊ตเตอร์
เป็นร้านอาหารที่ดีงาม รามอินทรา-อาจนรงค์ สุดๆ คือดี๊ !!! 

ต้องสั่งเลย !!! 
แกงเหลืองขาหมูสุดยอด ????????????????????????????????????
แซวม่อนซี๊ด 
สิงเหนือเสือใต้ 
ข้าวหน้าปูกระเพราไข่ออนเซ็น 

ความครีเอท ความสร้างสรร คือ สุดยอด
อร่อยมาก ด้วยค่ะ ที่สำคัญเลย 

เมนู ให้เลือกเยอะมาก ไม่เสียดายเงินเลยอะ แบบว่า ถ้าอยากทานของอร่อย คุณจะไม่ผิดหวัง กับร้านนี้เลย

ป.ล. ขอชื่นชม พนักงานทุกท่าน มากๆค้า เป็นร้านที่มี ทรัพยากรบุคคล ที่ดีเด่น มากๆเลย ????",0,wongnai,5.0,"ชม:ดี,สุดยอด,ดีงาม; ยืดอักษร; ชม+แย่:เสีย,ผิด,ผิดหวัง",0,293,6,775,
"บรรยากาศ : มีร่มห้อยๆ โอเคเลย สวย แสงก็สวย เป็นส่วนตัวนิดๆ
บริการ : ดีครับ ออกอาหารเร็วดี 
อาหาร : อร่อย ทุกอย่าง มี ไข่ตุ๋น ซุปมิโสะ กับ กิมจิ ฟรี~ ปลาก็ดีนะครับ แต่... ผมดันไปเจอ เส้นผม? หรือ ขนส่วนไหนไม่รุ้บนซูชิ... ถ้าไม่มีตรงนี้จะได้4-5ดาวเลยทีเดียวครับ...",0,wongnai,2.0,ชม:ดี; ยืดอักษร,1,209,6,873,
"ที่ตั้ง Terminal 21 ชั้น 4 โซนด้านหลัง ร้านใหญ่ที่นั่งเยอะ ส่วนมากมาแล้วมักจะได้ที่นั่งเลย ไม่ค่อยจะต้องรอนัก ถ้าต้องรอก็รอไม่นาน

วันนี้ที่เก๋คือมีบริการถ่ายรูปครอบครัวให้เนื่องในวันครอบครัว 13/4/2557 ที่ผ่านมาและอัดใส่กรอบกระดาษให้อย่างสวยงาม กิ๊ฟเก๋ดีมาก

**รีวิวนี้เป็นความเห็นส่วนตัว หากผิดพลาดประการใดขออภัยด้วยนะคะ**",0,wongnai,4.0,"ชม:ดี; ชม+แย่:รอ,นาน,ผิด",0,231,6,606,
ลบแอปโลด แถมไม่ต้องเจอกันอีกเลยนะ แอปนี้ 555,1,wisesight,2.0,555; ยืดอักษร,1,116,6,859,
"ร้านนี้อยู่ในซอยนิคมขนมจีน ผลิตแต่ขนมจีน แต่ก็มีร้านก๋วยเตี๋ยวหมูเด้งแสนอร่อย ตั้งอยู่เด่นในซอย ร้านนี้สั่งได้หลายเด้ง ราคาแล้วแต่เด้ง น้ำดื่มฟรีบริการตัวเอง 

 น้ำซุปอร่อยไม่ต้องปรุงเพิ่มเลย  น้ำก๋วยเตี๋ยวร้อนดีมาก   แต่ต้มยำกับเตี๋ยวแห้ง ให้มะนาวน้อยไปหน่อย แทบไม่มีรสชาติมะนาว แต่สามารถขอเพิ่มมะนาวเพิ่มได้  หมูเด้งอร่อย ให้หมูแดงเสริมมาอีก ส่วนตัวชอบมาก  แต่เส้นบะหมี่เหลือง ไม่ค่อยอร่อย รู้สึกแป้งเยอะไปหน่อย",0,wongnai,2.0,ชม:ดี; ยืดอักษร,0,286,6,591,
กะลาแลนด์แดนรีดไถไง ผิดกฎหมายในไทย งานวิจัยนอกก็ไม่สน จะวิจัยเองก็ทำไม่ได้ผิดกฏหมายอีก เวลกรรม หัวอกเดียวกับพวกกัญชาเลย,0,wisesight,,,1,147,6,725,
ลีโอขมชิบหายค่ะ นี่กินลีโอไง รอถามแม่ตอนแม่มาหาดีกว่า อร่อยตรงไหน,0,wisesight,,,1,126,6,638,
กินเจอบูตะคอร์นมีกลิ่นเหม็น แย่สุดๆ ลองให้พนักงานชิม รีบเปลี่ยนมาให้ใหม่เลย ของสดจริงจ้ะ - -,1,wisesight,,,1,140,6,720,
วิเคราะห์อย่างดีแต่สุดท้าย555 เชียงใหม่อยู่ภาคใต้เครค้ะ😂👌,1,wisesight,,,1,113,6,719,
เป็นเมดที่สิงคโปร์เงินไม่ดีเท่าไหร่หรอกค่ะ แค่เมดที่บ้านใช้ sk-ii ครบเซทแค่นั้นเอง 5555555555555555555555,1,wisesight,,,1,142,6,812,
ขายสินค้าที่เป็นไปได้สิคะ....ใช้สมองเยอะๆ ....แต่ผ้าอนามัยใช้เย็นดีจริงคร่า555,1,wisesight,,,1,126,6,713,
ใช่แล้วครับ พวกดีเซลตัวทำมลพิษเลย แย่จริงๆ ว่าแล้วก็เอา MU X 3.0 ไปอุด EGR+Remap ดีกว่า 555,0,wisesight,,,1,139,6,654,
สวยสุดๆ...ยกเว้นไฟท้าย...ดูไม่ได้เลย ได้มาฟรีๆผมจะไม่ขับเลย ขาย ไปซื้อ Nissan March ขับดีกว่า 555 เงินที่เหลือเอาไปเท่วยุโรปมั่ง,1,wisesight,,,1,147,6,637,
แอดมินของร้านเดอะเฟสช็อปก็มั่นหน้าเก่งร่วมไปกับฟคดีแท้ 555555 ปากนี่ไม่ต่างกับแอดมินของอีเถ้าแก่อะ,1,wisesight,,,1,143,6,791,
ดีนะเนี่ยที่ไม่เข้ามาตั้งแต่แรก โชคดีไปค่ะ ไม่ต้องมาเสียความรู้สึกแบบเพื่อนๆ และคูปองที่ได้ก้อไม่ได้ลดค่าอาหารใช่รึป่าวค่ะ โอ้ววว!! My God 555,0,wisesight,,,1,154,6,673,
การช็อปปิ้งที่ show dc เป็นอะไรที่แปลกใหม่ที่สุดในชีวิต เดินวนสิบรอบเพราะไม่รู้จะซื้ออะไรดี 55555555555555555555,1,wisesight,,,1,136,6,717,
กาวข้างหลังผ้าอนามัยติดทุกอย่างยกเว้นกางเกงในจ้าาา ใส่ดีๆ อย่าให้มันพลิกกลับด้านเด็ดขาด ไม่งั้นมีร้อง เอื้ออออออ 55555,1,wisesight,,,1,150,6,817,
อินนิสฟรี ติดสงกานต์หมดเลยจ้าาาา ค้างอยู่ไปรฯ เพื่อนๆ โปรดรอ 555555 สัญญาณโทรศัพท์ก็ไม่มี.....รถก็เสีย ฮัลโหลลบ สวัสดีปีใหม่ไทยค่าาาา,1,wisesight,,,1,155,6,717,
ของเรา 2 คน 4 กลม ก็อาการเดียวกัน นั่งคุยกับชักโครกซะยาว และหลังจากนั้นก็ไม่ได้เจอกับสเมอร์นอฟมิ้ดไนท์อีกเลย ลาจากกันถาวร 55555,0,wisesight,,,1,153,6,616,
โดนน้องสาวเรียกไปโวยวายว่าไม่ต้องซื้อผ้าอนามัยเย็นจิ๋มมาแล้วนะ เย็นไปหมด เย็นยะเยือก 5555 ทำไมล่ะ เปลี่ยนบรรยากาศไง ตื่นเต้นดีออก,1,wisesight,,,1,157,6,657,
"ผ่อนฟอจูนเนอร์ งวดละ1,299 ผ่อน60ปี่หรือไม่ก็ผ่อน3ชั่วอายุคนเลยมี่เดียวนะ55555555",1,wisesight,,,1,132,6,682,
เดี๋ยวไปจัดเบียร์ช้างสักลัง ตอบเเทนคุณสันติ 5555,0,wisesight,,,1,119,6,1537,
เมื่อก่อนเรียกกันเสี่ย แต่เดี๋ยวนี้เรียกเหี้ยกันซะหมด. อีกสักครั้งไหมป๊า5555,1,wisesight,,,1,126,6,734,
ผ้าอนามัยลอรีเอะ คูลลิ่งเฟรช จะเย็นอะไรเบอร์นี้ 🙄 ฉี่แล้วฉีดที แสบสันเหมือนมีใครเอายาหม่องมาป้ายฮี ฮือออทรมาน555555555,1,wisesight,,,1,155,6,541,
👏👏👏👏เหมือนรุ้ว่าต้องการ555,1,wisesight,,,1,107,6,565,
การท่องเที่ยวไทยเจ๊งแน่ ๆ 5555 รัฐบาลจะทำอย่างไรดี,0,wisesight,,,1,115,6,803,
คนอื่นใช้แค่โทนเนอร์ของบู๊ทยังดีเลยอะ นี่ขนาดเอสเซนส์ของสกินฟู้ดยังไม่ดีเลยจ้า5555555,1,wisesight,,,1,136,6,619,
จิงอ่าาา เหมือนต้ม อยุ่กับบ้านเลย 5555 สงสารอ่ะ. แต่ก้ขำค่ะ #ดีนะไม่มีสาขาใกล้บ้านที่เปนแบบนี้,0,wisesight,,,1,142,6,671,
5555 ใช่ค่ะ นางบอกถ้าใช้ ios ให้ใช้ apple tv เดี๋ยวนะ คือเอ็งต้องพัฒนาแอพสิ ฮือ ปวดหัววว 55555,0,wisesight,,,1,137,6,733,
เอมเค 370 บาท 5555+ แม่งมื้อเดียวอยู่ได้กี่วัน,1,wisesight,,,1,114,6,587,
คือจะเดินไปหยิบที่แต้มสิวของสมูทอีมาลองใช้ เเล้วพี่พนักงานเดินมาบอกว่าอันนี้ใช้ดีกว่า อีเวงแพงกว่าด้วย555555555…,1,harvest,,,1,148,6,641,
กูเขดและเน๊าะ โปรวันพุธ มะเติมของเลยต้องรอคิวเปิดโซนเดียว5555 ถ้าคิดเตมๆเปิดเตมโซน รอจนไส้แห้ง,1,harvest,,,1,145,6,778,
เดี๋ยวคุณเบลจะต้องเปลี่ยนรถนั่ง เพราะถ้าได้กินงี้ทุกวัน คันนี้จะเล็กไปแล้ว 555+,1,harvest,,,1,129,6,845,
วินเนอร์ 4 คน อยู่คอนโดเดียวกัน แต่มารถ 4 คัน ทางเดียวกันทำไมไม่ไปด้วยกัน ประหยัดน้ำมันหน่อยเส่ ทุกงานอะ 555555,1,harvest,,,1,137,6,837,
ทีแรกจะซื้อมาสด้าสองและซีเอ๊ก3 พร้อมกันสองคันเพราะชอบสเปกรถสวยดี เพื่อนห้ามไว้ก่อนบอกอย่าเสี่ยงเลย ดีที่ไม่ซื้อ ถ้ามีปันหามาเราประท้วงคงโดนฟ้อง555+,0,harvest,,,1,163,6,693,
จิงๆครับ ขับเบ็นซ์w210ไปงานวัด รปภ หาที่จอดให้อย่างดี แต่ไม่สนใจ อันติสคันละแปดแสนเลย 555,0,harvest,,,1,138,6,573,
แม่งดูถูกบลัช 4u2. ไม่ได้จริงๆ แตะนิดเดียว สีชัดมากเว่อ นี่ตูดลิงละ เอาไงดี ไปแบบนี้เป็นความชิคๆรึล้างออกทั้งหน้าแต่งใหม่ 555555555,1,harvest,,,1,156,6,639,
ปุริมไม่ได้อ้วงงงง เเค่คุณเฟียตตัวเล็กเฉยๆ ใครว่าปุริมอ้วงเดี๋ยวปุริมตีด้วยชานมไข่มุกเเก้วเมื่อวานเลยนะ 555555555 #Pluem_Purim #เด็กเสี่ย,1,harvest,,,1,163,6,571,
ที่รักไปดูสาขาที่ร่วมก่อน5555เสียใจด้วยนะคนดี,0,harvest,,,1,110,6,820,
สวยดีครับ จากสาวกนิสสัน รอมาร์ชตัวใหม่ต่อไป 555,1,harvest,,,1,114,6,708,
เดี๋ยวๆ Vios เคยมีไมล์ดิจิตอลด้วยหรอ5555,0,harvest,,,1,116,6,645,
น้ำหอม dior กลิ่นพี่จุนนี่ว่ากลิ่นเปรี้ยวอะ5555555555 จมูกฉันไม่ดีเร้ออย่างไร,1,harvest,,,1,133,6,607,
สายเปย์ที่แท้จริง 55555 app.ยังรู้เลย เที่ยวที เปย์ค่าเหล้า เปย์BLEND285 เปย์ค่าห้อง เปย์ยาวไปค่าาาาาา !!! #คบกับพี่เปย์อย่างเดียว,1,harvest,,,1,149,6,613,
รสดีไหมครับป๋า..555,0,harvest,,,1,103,6,731,
อ้วน พน.ดีไหม555,0,harvest,,,1,101,6,615,
ใครเชคได้ทันแล้วไม่ได้ใช้ก็ส่งต่อนะครับเสียดายสิทธิ์ จะขอบคุณมาก เรารออยู่ เราไม่ทัน 555,0,harvest,,,1,129,6,974,
บริษัทที่ส่งน้ำให้ #showdc เอาน้ำมาให้ สำหรับแฟนคลับน้องสิงโต ขอบคุณสำหรับน้ำใจนะคะ ที่นั่นน้ำแพง.555 😁…,0,harvest,,,1,136,6,716,
วันนี้จัดไปเลยค่า5555 ขอบคุณนะคะ,0,harvest,,,1,106,6,1401,
ขอบคุณน่ะ ออเจ้า 5555+,0,harvest,,,1,107,6,568,
ขอบคุณค่ะแต่ก่อนอยู่กรุงเทพใช่อย่างแพงแต่เดี่ยวนี้5ปีแล้วเลยใช่แค่นี้พอ5555,0,harvest,,,1,127,6,642,
5555 วันนี้เลยดีมะ😂😂,0,harvest,,,0,103,6,729,
ดีนะกุกินแต่ช้าง555,0,harvest,,,1,103,6,818,
เดี๋ยวจะเปลี่ยนมากินสิงห์ล่ะ 5555,0,harvest,,,1,113,6,648,
แล้วผ้าอนามัยแบบเย็นที่นี้เสือกเย็นเว่อร์ ยิ่งกว่าโซฟีคูลลิ่งเฟรชอีก โง่ไงอ่านไม่ออก เสือกหยิบมา 5555555,1,harvest,,,1,145,6,605,
จริงๆแจกผ้าอนามัยก็ดีนะ แต่อย่าเอาแบบเย็นมาแจก เย็นมากเว่อร์ 55555 กลิ่นค่ดชวนปวดหัว,0,harvest,,,1,135,6,1027,
แต่สำหรับนี่ มันซึมซับไม่ดีอ้ะ555555 เลอะตลอด แต่เพราะแพ้ผ้าอนามัยมาเกือบทุกยี่ห้อแล้วมันจึงเป็นทางเลือกที่ดีค่ะ55555555555555,0,harvest,,,1,148,6,639,
เก็บเงินค่าน้ำมันไว้ซื้อHoegardenn ดีกว่าเนาะ555,1,harvest,,,1,112,6,775,
ก็เอาตังมาเดี๋ยวเลี้ยง5555,0,harvest,,,1,108,6,670,
อยากบอกว่าาา ไปแดกเบียร์ล้มช้างไปเล่ออออ ดูสิ ใครจะล้มก่อน ยักไปวันที่ 31 ตั้งใจจะเคาน์ดอ แต่ไม่ล่ะ เคาน์ดาวดีกว่าาาาาา 5555555555,0,harvest,,,1,159,6,758,
อยากได้ลิปอีทูดี้ที่ออกใหม่นะ แต่แม่งโคตรแพง55555555555555,0,harvest,,,1,123,6,737,
แกนั่นแหละจะทิ้งฉานไปมีผู้ก่อน..ฉานก้อต้องนั่งเหี่ยวกินบาบีกอนคนเดียว (ชัว!!)555,0,harvest,,,1,133,6,680,
ดีน่ะที่ไม่กินเรดเพราะกินแต่สี่สิบ5555,0,harvest,,,1,111,6,839,
ฝีมือกูนี่ ฝึกกับเมเบอลีนไปก่อนดีกว่า 55555,1,harvest,,,1,114,6,683,
มีช้างมั้ยคะ...พอดีไม่ชอบเบียร์ผลไม้!!!!! 5555,0,harvest,,,1,116,6,754,
สุตรห่ามันหยัง กินเหล้าเที่ยว มื้อเว้นมื้อ 😅😅 แสงโสมยาดี 5555555,0,harvest,,,1,128,6,821,
ไม่คิดว่าอยากมีผัวขับดีแม็คมั้งหรา 5555,0,harvest,,,1,113,6,639,
ค่า city ตัวท็อป ราคาคือ 7.4 แสน เกือบได้ MG กูอ่ะ 55555 แพงผีแต่รถดีอยู่ พี่สาวชื่นชมใหญ่เพราะนางขับกลับ แม่ยังขับไม่เป็น 55555,1,harvest,,,1,155,6,588,
ขอแม่ซื้อแอลกอฮอล แม่ซื้อสปายให้ บอกดีกรีน้อยดี เอาไปแค่นี้ 5555 คือปกติไม่เคยจะให้,0,harvest,,,1,136,6,614,
ระวังเป็นเนื้อแบบเกรดมะดีแบบของแมค55555555 แต่ว้อยอยากกินนน,1,harvest,,,1,120,6,747,
แดกปลายฟ้าดีกว่า ประหยัด5555,0,harvest,,,1,108,6,833,
โหนุ้งอลังการมากเว่ออออ เจ้เค้าซื้อลิปอีทูดี้มาอันเดียว5555555555,0,harvest,,,1,128,6,3060,
4 คน 20 พอดีงบ55555,0,harvest,,,1,105,6,869,
ก็แนวเดียวกับสเมอร์นอฟแหละ รสชาติใกล้เคียงกระทิงแดง555,0,harvest,,,1,119,6,779,
ไปลองแป้งเจ้านางมา มันอะเมซิ่งมากกกกก เอาตรงๆ มันดีกว่าเบอเบอร์รี่อีก 555555555 แต่แพ็คเก็จมันกะล็อกก็อกแก็กมากๆ แพงไปสำหรับ 390,0,harvest,,,1,157,6,966,
กำลังแรงช่วงนี้ ดีนะพี่ไม่ขาย555,0,harvest,,,1,107,6,813,
ไม่กิน เพราะไม่มีกุ้งต้ม กุ้งเทมอย่างเดียว เจ็บคอนาาาา 555,0,harvest,,,1,120,6,719,
โอ้ยยย ยอมแล้วคะซิสสส เจ้าแม่ชาบู หมูทะ จิ้มจุ่ม mk จ้างกินกันเลยที่เดียว555555,0,harvest,,,1,132,6,687,
ทนนะๆๆ ทนกว่าทิ้นอีทูดี้ สีสวยดี แดงแบบไม่เหมือนใคร 555555554555544544,0,harvest,,,1,131,6,684,
ราคามีร้อง กลับไปมองโตโยต้าดีกว่า55555,1,harvest,,,1,110,6,693,
เมนูเหล้าปั่น jack daniel honey ผสมไอติมวนิลาครับ ดูดลื่นนุ่มคอหอมหวาน เมาแบบไม่รู้เรื่องกันเลยทีเดียว 5555,0,harvest,,,1,139,6,918,
ไม่ค่อยอินกับพาเลทตาของลอริอัล ไปเล่นจูเวียแบบเดิม ติดทนดี แตะนิสเดียว 5555,0,harvest,,,1,131,6,710,
พี่มีประสบการณ์ลบ HOTPOT สมัยอยุ่กรุงเทพ คงไม่กินอีกแล้ว 5555,0,harvest,,,1,122,6,801,
จะลุ้นผชด.งานที่โชว์ดีซีต้องใบเสร็จ 500 อัพอะแพงกว่ากัซอีกกัซแค่200เองจะเปย์คนไทยต้องแพงขนาดนี้ลาก่อยไม่เปย์เราก็คุยได้ถ่ายรูปได้กอดได้ละ555,1,harvest,,,1,164,6,669,
ถ้าใส่แล้วเอาออกไม่ได้ทำไงอะ ไม่รู้ความลึกความตื้นอีก 55555 ใส่ผ้าอนามัยเหทือนเดิมดีกว่า,1,harvest,,,1,135,6,745,
รองพื้นของไรดีมั่ง เอสเต้เอาหน้าชั้นไม่อยู่แล้ว555555555555555,0,harvest,,,1,117,6,756,
ล้างท้องรอเลย เงินเดือนออกพอดี 5555,0,harvest,,,1,109,6,992,
โชคดีกุรอดตัวไปเพราะว่ากุไม่กินเบียร์ช้าง+555666,0,harvest,,,1,117,6,633,
สีเขียวก็ดีอยู่แล้ว แต่อาจจะเพราะเป็นสีของเบียร์ช้าง ก็เลยเปลี่ยน แต่ถ้าจะเปลี่ยน มีสีตั้งเยอะแยะ ทำไมต้องใช้สีนี้ 55555555,1,harvest,,,1,143,6,607,
เออ กินละ โฮการ์เด้นก็ไม่ได้อร่อยขนาดนั้นอะ อืมๆ กินเบียร์ถูกดีกว่า55555555,0,harvest,,,1,128,6,820,
ถ้ายัดโบดีแม็กซ์​ 3000 มัน​ก็​รอรอบสิ 555,0,harvest,,,1,118,6,719,
ชาชีสของเอ็มเคก็ไม่รอดเหมือนกัน ชีวปลอมมาก55555ดีหน่อยที่ชาเย็นไม่หวาน ร้านที่สยามดิสนี่อร่อยสุด สมราคาแล้วเมื่อเทียบกับของก๊อบ 😅,0,harvest,,,1,150,6,648,
หรอ.. อะเคร ไปถอนที่บาบีก้อนดีก่า555555,1,harvest,,,1,113,6,776,
5555ดีแทคนี่ก็หายากจะกินเอ็มเคเอาน้ำฟรีเงี่ยหาไม่เจอ,0,harvest,,,1,119,6,656,
เดียวกูนุ่งชุดไทยแบบงานแต่งไปแม่งเลย 555,1,harvest,,,1,111,6,623,
เดี๋ยวนี้เลย555,0,harvest,,,0,101,6,1052,
สาวกรีโว่ชักดิ้นชักงอ555 ประหยัด ทนทาน ต้องดีแม็กซ์,0,harvest,,,1,120,6,730,
อ่ะ เมื่อวานพึ่งไปโชว์ดีซีมาาาไม่เห็นรูปว่าเปิดแล้ววว 555555 #รีล่า,0,harvest,,,1,124,6,1503,
ดีแล้วยู เบียร์ไม่อร่อย 55555,0,harvest,,,1,106,6,1200,
หรอ กูว่าดีกว่า 285 นะ แต่ถ้ามีตังก็ รีเหมือนเดิม 555 // ง้วงเอง,0,harvest,,,1,125,6,1369,
พรุ้งนี้ดีไม วันพุธพอดี55555,0,harvest,,,1,108,6,1175,
ยังหาครีมที่มาลบล้่างความดีงามของซันวาซูมิได้เลย ทั้งขาวทั้งใส ไร้สิว แต่แพง ยอมหน้าพัง 555445,1,harvest,,,0,139,6,638,
เพิ่งรู้เดี๋ยวนี้เค้าเอามิวเซเว่นมาทำสองแถวแล้ว555+,0,harvest,,,1,119,6,717,
ไม่เคยกินแสงโสมอะ เหล้าไรวะเนี่ย มึนหัวชิพหาย กินนิดเดียวเอง 5555555,1,harvest,,,0,129,6,668,
ชญานันทน์ ปัญญา เอาสเมอนอฟแช่ แล้ว ราดด้วยโซจู ดีม่ะ555,0,harvest,,,0,122,6,697,
ทำไมอ่ะพจน์ ไม่ดีหรอ กินเบื่อละครั้น555,0,harvest,,,1,115,6,667,
ดีนะเราไม่กินเบียร์ช้าง555,0,harvest,,,1,104,6,806,
พรุ่งนี้หยุดวันพุธพอดี555,0,harvest,,,1,105,6,796,
น้องแสงโสมอี้บ๋อ กะว่าน้องโซดา น้ำแข็งดี เอ๊ะหรือเหล้ากึ่งแก้วน้ำล้วนโซดาลอยดีหา 5555,0,harvest,,,0,139,6,698,
เวลาวันหยุดจะกินข้าวมื้อเย็นทีเดียวอะ แล้ววันนี้กินข้าวเสร็จซัดบาร์คาดี้ไป 2 ขวด แอลกอฮอล์กัดกระเพาะไปเลย นอนทรมานอยู่นี่55555555,0,harvest,,,0,156,6,1089,
เลิกขับดีแม็กละ ไปออกนิสสันดีกว่า 555,0,harvest,,,1,112,6,828,
เดียวพอนานๆไปเค้าเเจกนิ เชื่อตะเอาไปไหนไม่ตรึก 555 แค่กินเบียช้างตามร้านเหล้าเค้าก้เเจกแล้ว. เดียวเอาไว้ไห้,0,harvest,,,1,147,6,657,
เดี่ยวก้อเช้าละ 555,0,harvest,,,1,103,6,812,
มาา บอนชอนมันคือยาเสพติดล่ะ55555 น้ำจิ้มบาบิก้อนด้วยแงงง มาม่าบ่อยไม่ดีนา../เปิดเถิกโค่ให้ดู--,0,harvest,,,0,141,6,549,
ไปหมอลำดีกว่า งาน285 กินบ่เป็น555,0,harvest,,,1,108,6,786,
แรง ประหยัดน้ำมัน ราคาไม่แพง เอาแล้วตรู จะนอกใจmz2ดีมั้ย เบื่อAlmeraละ555555,0,harvest,,,1,126,6,803,
เห็น Netflix โปรโมตเรื่อง Tidying Up with Marie Kondo แล้วอยากให้นางมาจัดบ้านให้แม่มากกกกก นางเก็บของเก่ง 5555555,0,harvest,,,0,135,6,517,
วันนี้กูเจอตำมวดกำหงษ์ทองขับมอไซต์555ไม่ได้ถ่ายเก็บไว้มันไม่ดี,0,harvest,,,0,123,6,1025,
วันนี้ไปบูทไฮเนเก้นมา ไม่ถูกจริตอ่ะ ปกติก็ไม่ถูกจริตกับไฮอยู่แล้ว 5555555 วันหลังไปไหนดี,0,harvest,,,1,135,6,843,
คอยดูนะมิงถ้าสกินฟู้ดไม่ดีกูจะมาโวยในแท็ก 5555555555555555555555555555,0,harvest,,,1,128,6,843,
ไปต้าปิ่นโหล๋วดีกว่ามั้ย 555555,0,harvest,,,1,111,6,883,
กุยอมใช้ผ้าอนามัย ดีกว่า 555,0,harvest,,,1,108,6,637,
มีดีวยหรอ ออฟตรงกัน5555,0,harvest,,,1,105,6,726,
กินไรระวังๆด้วย เป็นเรื่องนี้บ่อยอะ แต่ว่สต้องหาเวลาไปกินบาบิก้อนนะเดี๋ยวจะยาวจนถึงจองบัตรรอบหน้าซะก่อน5555555,1,harvest,,,1,144,6,736,
เดี๋ยววันหลังจะปรับปรุงนะคะ (ไม่ได้เอาตัวมีฝีออกนะ) จะตัดแค่ฝีออกเฉยๆ 5555,0,harvest,,,1,133,6,823,
เบน285 แม่โขง แสงโสม รีย์ ก็ดีน่ะ 555,0,harvest,,,1,115,6,844,
เดือนหน้าเดี่ยวก็มีมาอีกแหละมั้ง โปรอ่ะ 5555555,0,harvest,,,1,114,6,718,
อัดอั้นมานาน 5555 งั้นเดี๋ยวดูอีกทีนาา,0,harvest,,,1,115,6,1371,
มันดีปะอ่ะ คือเห็นตลับมันอินสปายจาก tarte เลยมะค่อยอยากซื้อ 555555 เคยใช้รุ่นแมท สีดีอยู่ แต่ก็เป็นก้อนอ่ะ รุ่นนี้มันดีมะ #ไว้รีวิวห้ามขายของของโว้ยย,0,harvest,,,1,163,6,839,
แงงงง ฝากถ่ายรูปด้วยค้าบบ เห็นนางดื่มช้างแล้วใจไม่ดีเลย5555555555,0,harvest,,,0,124,6,657,
รักอิสระทำให้เราอยากกินพิซซ่า ยาคูล ชีสไบท์ ไวล์มอลปั่นใส่มุก หมูกระทะ และช้างอีกลัง ...อันหลังไม่ดีมั้ง 5555,0,harvest,,,0,148,6,564,
อิอิ พอดี๊ พอดี 555,0,harvest,,,1,106,6,804,
เอาไงดี คืนนี้ยังไม่มีที่ลง 555,0,harvest,,,1,106,6,828,
Honda CR-V ผมก็เป็นครับ เริ่มจะเบื่อกับรถที่มีชายล่างเป็นพลาสติกสีด้านแบบนี้ เดี๋ยวปั๊ดจับทำสีให้หมด55555,1,harvest,,,1,137,6,616,
ไม่ชอบบบ หมูจุ่มชีสดีกว่า 555555,0,harvest,,,1,108,6,751,
พี่นันไปจัดมาแล้ว ก็เหลือเรา 2 คน ไปจัดกันมั่งดีกว่าจ้ะพี่ตา 555,0,harvest,,,0,124,6,799,
"เห็นคำว่า ""อ้วน"" คำแรก5555 ถัดมาเจอ ""พันล้าน"" แล้วก็เห็นคำว่า ""ลอรีเอะ"" พอดี",0,harvest,,,1,130,6,669,
อยากหัวเราะให้ตัวเองจังเว้ย คนอื่นเค้ารอวันเดียวก็ได้อัพ ส่วนของเรานะเรอะ 1-2 เดือน 😂😂😂😂,0,harvest,,,1,134,6,735,
จะไม่รวยได้ไง. เบียร์ช้างขายดี้ดี... ซีพี 7 กรู ก็เข้าทุกวัน.. #ผู้สนับสนุน😂😂,1,harvest,,,1,131,6,618,
มันไม่ดีตรงไหนปวดจิตกับยุคปัจจุบัน อาวุธสงครามจงเจริญ 🙄🙄🙄,1,harvest,,,1,128,6,803,
เดี๋ยวเอาไปปาหน้านะคะ🙄🙄🙄🙄🙄,0,harvest,,,1,117,6,853,
ยอดขายดี...แต่ต้องควบรวมกิจการกับนิสสัน...เพื่อความอยู่รอด...😂😂😂...,1,harvest,,,1,121,6,776,
สเมอนอฟนี่จัดเป็นแอลประเภทเบียร์หรือเปล่า ไม่มีความรู้ด้านนี้ รู้แค่ไม่หร่อยเลยย 😑😑😑,0,harvest,,,1,130,6,793,
พม่าแดกเบียร์ kirin คนไทยแดกเบียร์ช้าง ทำไมช่างแตกต่างกันซะขนาดนี้ บัตรก็ถูกกว่า 🙄🙄🙄,0,harvest,,,1,133,6,666,
โดนัทมั้ยแฟน hotpot มั้ยแฟน KFCมั้ย เห้อมมม......🙄,0,harvest,,,1,122,6,961,
อย่าว่าเลย ที่ฟินแลน สูบบุหรี่ผิดกฎหมาย แต่ดูดกัญชาถูกกฏหมาย🤣🤣🤣🤣🤣🤣🤣,1,harvest,,,1,128,6,712,
เป็นตุ่มที่เกิดจากการอักเสบของเม็ดเลือดขาวที่ตายแล้วก็ยังอี๋ๆ ไม่อยากกินอยู่ดีนะ 🤣🤣🤣,0,harvest,,,1,132,6,1378,
Ford เก๋งแนะนำให้ตรวจเช็คเปลี่ยนถ่ายน้ำมันเครื่องที่ 15000 กม. (Ranger ไม่แน่ใจ) แปลว่าของเจ้าอื่นเทพกว่าหรือของเราห่วยครับ?,0,harvest,,,1,143,6,622,
เดี๋ยวนี้บังคับเป็นน้ำซุป4ช่องหมดเลยเหรอคะ เลือกแค่2ซุปได้มั้ย Hot Pot Buffet 🤣🤣🤣,0,harvest,,,1,134,6,771,
หงษ์ทอง ผู้สนับสนุนหลักอย่างเป็นทางการ ดูหน้ามันตอนท้ายๆคลิปครับ เหมือนยืนกัดกราม โมโหก็โมโห ทำไรมันก็ไม่ได้ อาการแบบหงุดหงิด คิดไม่ออก ไปดีกว่า 🤣🤣🤣,0,harvest,,,0,160,6,730,
ถูก ที่ทำมาหลายแบรนด์ก็เพื่อความอยุ่รอดของตัวมันเองนั่นแหละ บางคนแอนตี้หงษ์ทอง แต่เสือกแดกแสงโสม หารู้ไหมว่ามันเจ้าของเดียวกัน 😂,0,harvest,,,1,154,6,673,
ฮือออเสียใจมากอะรู้งี้ซื้อแป้ง laura เหมือนเดิมดีกว่าลดเหลือ 999 เอง 😭😭😭,1,harvest,,,1,130,6,640,
คือทำไม sephora us ต้องไม่รับบัตรไทยกุงง กุผิดอัลไลลล มึงเอาตังกุไปเถอะะ กุอยากได้ของงงง ชาตินี้ที่ไทยแม่งก้ไม่เอามาขายยุดี ฮือออออออ,0,harvest,,,1,164,6,699,
ใต้ตาดำชิบหาย ละยังแพ้การ์นิเย่อายโรลออนอีก ทาคืนเดียวทั้งแสบทั้งแดง เวนนนนน,0,harvest,,,1,132,6,582,
อหหหห ผ้าอนามัยสูตรคูลลิ่งเฟรชนี่มันนนนนนนน ฟหกกดดเ้้่าาววงงฃงงวงว ว้อยยยยยยย ครั้งเดียว พอ!,0,harvest,,,1,149,6,730,
มีอย่างละใบหรออออออออ แค่วิเดียว อย่ามีเลย,0,harvest,,,1,117,6,691,
เขาเล่นกันยังไง เราก็กดแบบสุกพอดีทุกอันไม่มีผิด แถมกดบาบีก้อนทุกครั้งไม่มีพลาด ยังไม่ถึง 50000+,1,harvest,,,1,136,6,600,
"Mก็ของซีพี,ส่วนCนี่ก็ของเบียร์ช้าง สรุปว่าต้องซื้อแพงแต่ขายถูก งั้นยกปท.ให้2ตัวนี้ปกครองเลยดีมั้ย🐃🐃🐃",1,harvest,,,1,147,6,590,
"เดี๋ยวๆๆๆ รีโว่ พี่จะวิ่ง200 รอบแค่ 1,000 ผมว่า พี่คงต้องพักผ่อนบ้างแล้วครับ",0,harvest,,,1,132,6,808,
นั่นไงครับ!!!! แม่งหาคนหารบาคาดี้แล้วกูก็โดนด้วย หนูเห็นพี่เป็นคนมีเงินหรอเจี๊ยบ,0,harvest,,,1,134,6,919,
"ไม่ไปกินอีกแระ,,สาขาโลตัสอุบล บริการไม่ดีเลย จ่ายตังค์นะ ไม่ได้ขอกินฟรี...เด้อ",0,harvest,,,1,130,6,925,
แหม...จัดลานเบียร์สิงห์ เบียร์ช้าง ให้เขามาขายแค่น้ำเปล่า ขายโออิชิรึไงวะ เฮ้อออออ สมองไดโนเสาร์สุดๆ มิน่า ถึงไม่พัฒนา แถมยังตะหวงทำไมวะ...อำนาจเนี่ย,0,harvest,,,1,174,6,710,
เก๋งหลับในพุ่งชนรถสิบล้อ..แต่ข้างหน้ารถเก๋งไม่เป็นไรเลยสักนิด...ฮอนด้าซิตี้..ของเค้าดีจริง..R.I.P.ผู้เสียชีวิตด้วยครับ,1,harvest,,,1,147,6,712,
Fullmoon alcohol 5% กูก็คิดว่าคงไม่เมาหรอก ก็หวานดีหอมดีกินเรื่อยๆ รู้ตัวอีกทีแม่งกินไปห้าขวด โอ้วโหจั๊กง่าวววว,0,harvest,,,1,150,6,721,
รshowdcห้างอะไรก็ไม่รู้ว ห้างนี้จะเจ๊งตอนติ่งหมดโลกมั้ยว้าาาา เหมือนคนที่รู้จักก็เป็นพวกเดียวกันทั้งนั้น ไม่ใช่ติ่งเขาก็ไปเดินสยามแล่ว,0,harvest,,,1,154,6,729,
มีคนเคยกล่าวไว้ว่า ร้องไห้เสียใจบนแคมรี่ ยังไงก็ดีกว่าร้องไห้เสียใจบนรถเมล์....,0,harvest,,,1,131,6,735,
"เบียร์ดีหรือไม่,,,แดรกให้เมาแล้วตื่นเช้านั้นล่ะจะรู้เอง//สิงห์กับไฮเนเก้นผ่าน. หมีกับเชียร์ก็หอมดี,,ตื่นเช้ามายังกับโดนทุบ!!",0,harvest,,,1,150,6,529,
จะยังไงก็ได้ครับแล้วแต่บริษัทเลย...แต่คุณเสียลูกค้าใหม่แน่ๆ มาสด้า 3 ใหม่คงไม่ได้จากผมแล้วล่ะ 1 คันหันไปซูบารุเอ็กวีดีกว่า,0,harvest,,,1,149,6,762,
นี่หรือ..all new accoed ออกแบบได้...มากเสียดายที่เป็น FC honda ทำดีมาตลอด. เศร้า,0,harvest,,,1,125,6,876,
รัฐบาลบริหารประเทศให้ล่มจม...ไม่ได้บริหารให้ดีขึ้น...เลยยอยากให้คนไทยย้ายสัญชาติไปอยู่นอกเลยย,0,harvest,,,1,131,6,673,
เปิดคนให้ด่าได้แล้วหรอคะ แหมมม อิห่า เปิดราคา CHR กลัวขายดีหรอคะ ดูรถที่ราคาสมเหตุสมผลที่สุดตอนนี้คือ sienta,0,harvest,,,1,141,6,804,
พาไปกินหน่อยยยรอคน ดีที่ ไม่ใช่แมงดา,1,harvest,,,1,113,6,714,
รอดูต่อไป แต่ถ้าจะไปนะ โชว์ดีซีไปยาก ถ้าไม่มีรถตัวเองก็ไปลำบากนิดนึง ส่วนตัวคิดว่ามันเป็นห้างที่ไม่มีอะไรเลย...,0,harvest,,,1,142,6,596,
เดี๋ยววววววงวว มึ้งงงงงงงงง กุลื้มมมมม กุยังไม่พร้อมมมม มึงตัดตังกุแร้วววเหรออออออ นี่กุต้องดูต่อสินะ #Netflix,0,harvest,,,1,163,6,713,
ดอยสุเทพน้องง ไปหมดแล้วววว #pm25,0,harvest,,,1,109,6,777,
ยามแม่งหายไปไหนหมดปล่อยให้กูเข็นรถมาสด้า3คันหนักเท่าควายคนเดียวเนี้ย!!!!,0,harvest,,,1,129,6,629,
ขายฟอร์จูนเนอร์ สีขาว สภาพมีรอยทั้งคัน ผู้หญิงใช้ มือเดียว ขับมือเดียวตลอดเวลาเพราะคุยโทสับตลอดเวลาาา,1,harvest,,,1,138,6,748,
อร่อยยย ชอบมากๆๆๆๆ นี่กินป๋องดำไม่ได้อะจะอ้วกมันรสเหมือนแสงสว่าง กินนี้แร้วฟินนนนนน,0,harvest,,,1,139,6,801,
แต่วันนี้ซ่า คือเปงหวัดกระแดะแดกแอล เปงไงอีเชี้ย หายใจไม่ออกเว้ย คนอ่อนนี่มันอ่อนจริงๆ ฟูลมูนขวดเดียวก็ทำกุใกล้ตายได้ เบื่อๆๆๆๆๆ,0,harvest,,,1,158,6,833,
.... หลวงลุง สงสัยกินช้างถึงแรงดี... เอาได้วันละ3 เวลา..,0,harvest,,,1,117,6,823,
ผ่อนถูกจริงๆครับงวดแรก2000กว่าบาทต่อไป694วีออส2011ครับคุ่มครองเลยครับดีจรองรู้ใจ,0,harvest,,,1,128,6,893,
รู้สึกล็อคซิทานเอาไม่อยู่ละเดี๋ยวนี้ ขนาดทาแล้วทาอีกกระดาษยังบาดจนเหวอะได้ อีกนิดจะซื้อ Shea butter เพียวๆ มาทาให้รู้แล้วรู้รอดละะะ,0,harvest,,,1,156,6,648,
กูคนเดียวป้ะที่ใช้mamonde 23ละออกชมพูแปร๋นอยู่คนเดียว ทำไมมันไม่ตุ่นเหมือนชาวบ้านเขาบ้างงงง!!!!!!,0,harvest,,,1,135,6,914,
....บาบีก้อนอร่อยเหรอ พี่ไปกินครั้งเดียวไม่กินอีกเลย,0,harvest,,,1,114,6,817,
ยาริสไม่ได้หรูอะไรเลย ของเราปาเจโร่ป้ายแดงยังโดนสาดโครมๆ ดีที่แถวบ้านไม่มีใครเล่นแป้ง... ป้านี่ก็แปลก โดนน้ำทำเป็นโวยวาย ฝนตกทีไม่โวยวายฟ้าฝนหรอ งงใจ,0,harvest,,,1,170,6,2121,
ถ้าจะมา เอา เทียน่า เปิดตัวก่อนนนะ เดี๋ยวซ้ำรอยอีก,0,harvest,,,1,117,6,773,
อ้วกไม่พอ ท้องเสียอีกจร้าาาาา ออกทั้งบนทั้งล่าง กุว่าไม่ใช่เพราะบาคาดี้ละ เป็นเพราะกุแดกเยอะเนี่ยแหละ,0,harvest,,,1,144,6,852,
ระหว่างรอ น่าจะแจกเบียร์สิงห์ คงจะฟิน มิใช่น้อย นะครับ 😅😅😅,0,harvest,,,1,125,6,918,
ขุ่นแม่เริง ~~ ต้องเพิ่งเบียร์ช้างแก้วใหญ่ ขมน้อยเลยทีเดียว โอยยย ข๊าวขาว 😱,1,harvest,,,1,126,6,648,
ดีแม็กรุ่นใหม่ๆเค้ายังไม่เก็บเสียงอีกหรอครับ...นึกว่าเงียบแล้ว...ผมปี12เสียงเข้าชัดมากนึกว่ากระจกไม่สนิทซะอีก..ใครคุยกันข้างนอกได้ยินชัดเจ๋วเลย,0,harvest,,,1,163,6,777,
เซเว่นล้าหลังเว่อร์ แฟมิลี่มารทเขามีตั้งนานแล้วแต่เป็นเบียร์ช้าง https://www.facebook.com/brandbuffet/posts/1504943922895595,0,harvest,,,1,141,6,1040,
ครอบครัว เรียก ซี จิรภัทร ภูมิรักษ์ คิดถึงช้างงงง แดกคนเดียวไม่อร่อย :'(,0,harvest,,,0,131,6,2793,
อห.แบบคนมันถึงไม่อยากเสียภาษีไง อีดอกกกก นี่ถ้าเอามาอุดหนุน bts mrt ยังดีกว่า,0,harvest,,,1,134,6,767,
ลงบันไดไม่ให้ตกซ้ำกะดีล้าววว จะรีบหายก่อนหมดโปร 55,0,harvest,,,1,120,6,1641,
ทำไมมันเหม็นนนนนน เหมือนเครื่องเทศอาหารอินเดีย,0,harvest,,,1,110,6,824,
เงินเดือนกินชาบู กินเอ็มเค แป๊บเดียวก็หมดไปแล้วพันนึง ถ้าเอามาลงทุนต่อยอด ได้เงินทุนคืน แถมได้กำไรอีก !!...,1,harvest,,,0,137,6,1878,
เราหมดความอดทนกับเธอแล้ว ลาก่อน ล่มดีล่มเก่งงง #AIS,0,harvest,,,1,120,6,911,
คุณไม่ได้เดินคนเดียวในเส้นทางนี้รุ้ไว้ยังมีพวกเรา .... ฮิ้วววว,0,harvest,,,1,118,6,730,
รสชาติใช้ได้อยู่แต่ต้องขอออเดิร์ฟด้วยอกเป็ดอบน้ำผึ้งก่อน ท้องว่างแล้วว่างกินของดองแล้วหวาดเสียว หมดแล้วจัดสิงห์ฆ่าเชื้อสองป๋องฟินแน่นอน,0,harvest,,,1,154,6,736,
เป็นได้ด้วยเหรอ.. ต้องศึกษาข้อมูลเพิ่มแล้ว เพลียไปอีก... นึกว่าจะเจอวิธีแก้แล้ว พอดีเราแพ้ผ้าอนามัยอ่ะ นึกว่าใช้แบบนี้แล้วจะสบาย,0,harvest,,,1,145,6,629,
ชุดนี้พิเศษสุดสำหรับแฟน บรร. เราไม่ขาย เพียงแค่ท่านมีฝาเบียร์ช้าง 6 ฝาที่กินคนเดียวในวันเดียว ....,0,harvest,,,1,133,6,760,
ยังงัยถ้าเราเหน เรากะคงไม่กินชิ้นนั้นยุดี...,0,harvest,,,1,115,6,732,
X trail หรือ Rogue รถ suv ที่ขายดีที่สุดในโลก แต่ nissan ไทยดูเหมือนไม่อยากจะขาย เปิดตัวก็ช้า การตลาดงงงวยมาก,0,harvest,,,1,129,6,917,
เบียร์ช้าง6ขวดคนเดียว #อกหักเมื่อกี่เอง #ผญแม่ง...อุสาให้ทุกอย่างที่อยากได้ #สุดท้ายทำกันได้ลง,0,harvest,,,1,134,6,681,
Kiehlของเขาดีจริงโหดจริง​ แต่ราคาก็โหดเหมือนกันนะ... *เลือดไหลมุมปาก* คือของดีแต่หนูไม่มีตังงงงงงค์,0,harvest,,,1,143,6,740,
คนใช้ฮอนด้าโดยเฉพาะ Honda Stream ก็จะเป็นคนจิตใจดีรักครอบครัวแบบนี้แหละครับ...😀😀😀,1,harvest,,,1,128,6,594,
